altitude_m,velocity_m_s,gamma_rad,range_rad,range_km
0.0,0.0,0.3490658503988659,0.0,0.0
0.0,0.0,0.3839724354387525,0.0,0.0
0.0,0.0,0.4188790204786391,0.0,0.0
0.0,0.0,0.4537856055185257,0.0,0.0
0.0,0.0,0.4886921905584123,0.0,0.0
0.0,0.0,0.5235987755982988,0.0,0.0
0.0,0.0,0.5585053606381855,0.0,0.0
0.0,0.0,0.5934119456780721,0.0,0.0
0.0,0.0,0.6283185307179586,0.0,0.0
0.0,0.0,0.6632251157578453,0.0,0.0
0.0,0.0,0.6981317007977318,0.0,0.0
0.0,0.0,0.7330382858376184,0.0,0.0
0.0,0.0,0.767944870877505,0.0,0.0
0.0,0.0,0.8028514559173916,0.0,0.0
0.0,0.0,0.8377580409572782,0.0,0.0
0.0,0.0,0.8726646259971648,0.0,0.0
0.0,0.0,0.9075712110370514,0.0,0.0
0.0,0.0,0.9424777960769379,0.0,0.0
0.0,0.0,0.9773843811168246,0.0,0.0
0.0,0.0,1.0122909661567112,0.0,0.0
0.0,0.0,1.0471975511965976,0.0,0.0
0.0,0.0,1.0821041362364843,0.0,0.0
0.0,0.0,1.117010721276371,0.0,0.0
0.0,0.0,1.1519173063162575,0.0,0.0
0.0,0.0,1.1868238913561442,0.0,0.0
0.0,0.0,1.2217304763960306,0.0,0.0
0.0,0.0,1.2566370614359172,0.0,0.0
0.0,0.0,1.2915436464758039,0.0,0.0
0.0,0.0,1.3264502315156905,0.0,0.0
0.0,0.0,1.361356816555577,0.0,0.0
0.0,0.0,1.3962634015954636,0.0,0.0
0.0,0.0,1.4311699866353502,0.0,0.0
0.0,0.0,1.4660765716752369,0.0,0.0
0.0,0.0,1.5009831567151235,0.0,0.0
0.0,0.0,1.53588974175501,0.0,0.0
0.0,500.0,0.3490658503988659,0.000147487390928835,0.9396421676076078
0.0,500.0,0.3839724354387525,0.0001455233602365037,0.9271293280667651
0.0,500.0,0.4188790204786391,0.0001433820649869717,0.9134871360319967
0.0,500.0,0.4537856055185257,0.00014106611124020113,0.8987321947113214
0.0,500.0,0.4886921905584123,0.00013857832928413312,0.8828825358692122
0.0,500.0,0.5235987755982988,0.0001359217446571595,0.8659574352107632
0.0,500.0,0.5585053606381855,0.00013309960088894057,0.8479775572634404
0.0,500.0,0.5934119456780721,0.0001301153363694921,0.8289648080100342
0.0,500.0,0.6283185307179586,0.00012697258739015742,0.8089423542626929
0.0,500.0,0.6632251157578453,0.00012367518461476633,0.7879346011806763
0.0,500.0,0.6981317007977318,0.00012022714800002803,0.7659671599081785
0.0,500.0,0.7330382858376184,0.0001166326766541921,0.7430667829638579
0.0,500.0,0.767944870877505,0.00011289615175258459,0.7192613828157164
0.0,500.0,0.8028514559173916,0.00010902212162799564,0.6945799368919602
0.0,500.0,0.8377580409572782,0.00010501531377959613,0.669052564089807
0.0,500.0,0.8726646259971648,0.00010088060380103641,0.642710326816403
0.0,500.0,0.9075712110370514,9.662303138702892e-05,0.6155853329667612
0.0,500.0,0.9424777960769379,9.2247780397708e-05,0.5877106089137978
0.0,500.0,0.9773843811168246,8.776018615296511e-05,0.5591201459805407
0.0,500.0,1.0122909661567112,8.316570883724157e-05,0.5298487310020661
0.0,500.0,1.0471975511965976,7.84699506383836e-05,0.4999320555171419
0.0,500.0,1.0821041362364843,7.367862239642895e-05,0.4694065032876488
0.0,500.0,1.117010721276371,6.879756874326362e-05,0.43830931046333255
0.0,500.0,1.1519173063162575,6.38327326353515e-05,0.40667833961982436
0.0,500.0,1.1868238913561442,5.8790157292330105e-05,0.3745520921094351
0.0,500.0,1.2217304763960306,5.367598692368545e-05,0.3419697126908
0.0,500.0,1.2566370614359172,4.849644436004024e-05,0.30897084701781635
0.0,500.0,1.2915436464758039,4.325785536167547e-05,0.2755957965092344
0.0,500.0,1.3264502315156905,3.79665767587109e-05,0.24188506052974718
0.0,500.0,1.361356816555577,3.262906555626929e-05,0.20787977665899166
0.0,500.0,1.3962634015954636,2.7251820305313057e-05,0.1736213471651495
0.0,500.0,1.4311699866353502,2.184138686885576e-05,0.13915147574148007
0.0,500.0,1.4660765716752369,1.640435802285593e-05,0.10451216496361514
0.0,500.0,1.5009831567151235,1.0947365014066116e-05,0.06974566250461522
0.0,500.0,1.53588974175501,5.477002829251775e-06,0.034893985025163055
0.0,1000.0,0.3490658503988659,0.00029495894307836817,1.8791834263522835
0.0,1000.0,0.3839724354387525,0.00029102960545120815,1.8541496163296471
0.0,1000.0,0.4188790204786391,0.00028674581844639603,1.826857609321989
0.0,1000.0,0.4537856055185257,0.0002821128094062499,1.7973407087272182
0.0,1000.0,0.4886921905584123,0.0002771362299061806,1.7656349207322766
0.0,1000.0,0.5235987755982988,0.0002718221536070061,1.731778940630236
0.0,1000.0,0.5585053606381855,0.0002661770598959461,1.6958140485970725
0.0,1000.0,0.5934119456780721,0.0002602078317781023,1.65778409625829
0.0,1000.0,0.6283185307179586,0.0002539217478198482,1.617735455360253
0.0,1000.0,0.6632251157578453,0.0002473264697254021,1.5757169386205367
0.0,1000.0,0.6981317007977318,0.00024043003695920883,1.5317797654671195
0.0,1000.0,0.7330382858376184,0.0002332408548714571,1.4859774863860533
0.0,1000.0,0.767944870877505,0.00022576768354483508,1.4383659118641443
0.0,1000.0,0.8028514559173916,0.00021801962977253397,1.389003061280814
0.0,1000.0,0.8377580409572782,0.0002100061315997855,1.3379490644222336
0.0,1000.0,0.8726646259971648,0.00020173695233273025,1.2852661233118245
0.0,1000.0,0.9075712110370514,0.00019322216524374593,1.2310184147679053
0.0,1000.0,0.9424777960769379,0.00018447214075759612,1.1752720087666448
0.0,1000.0,0.9773843811168246,0.000175497536573742,1.1180948055113105
0.0,1000.0,1.0122909661567112,0.00016630928349419693,1.0595564451415287
0.0,1000.0,1.0471975511965976,0.000156918568428444,0.9997281994576167
0.0,1000.0,1.0821041362364843,0.00014733682873529775,0.938682935872582
0.0,1000.0,1.117010721276371,0.00013757573081606117,0.8764949810291257
0.0,1000.0,1.1519173063162575,0.00012764715995481618,0.8132400560721338
0.0,1000.0,1.1868238913561442,0.00011756320497318727,0.7489951788841761
0.0,1000.0,1.2217304763960306,0.00010733614134301965,0.6838385564963781
0.0,1000.0,1.2566370614359172,9.697842280693441e-05,0.6178495317029791
0.0,1000.0,1.2915436464758039,8.650265513670298e-05,0.5511084158759347
0.0,1000.0,1.3264502315156905,7.592158885584598e-05,0.48369644260059474
0.0,1000.0,1.361356816555577,6.524811662331145e-05,0.41569575100711725
0.0,1000.0,1.3962634015954636,5.449521301759274e-05,0.34718900213508336
0.0,1000.0,1.4311699866353502,4.367598471136889e-05,0.27825969859613114
0.0,1000.0,1.4660765716752369,3.280358899669434e-05,0.20899166549793963
0.0,1000.0,1.5009831567151235,2.18912664447259e-05,0.1394692585193487
0.0,1000.0,1.53588974175501,1.0952282519392459e-05,0.06977699193104935
0.0,1500.0,0.3490658503988659,0.00044241464957490994,2.8186237324417514
0.0,1500.0,0.3839724354387525,0.00043651872879982685,2.781060821183697
0.0,1500.0,0.4188790204786391,0.00043009125781136596,2.7401114035162126
0.0,1500.0,0.4537856055185257,0.00042314008807876327,2.695825501149801
0.0,1500.0,0.4886921905584123,0.0004156737064146771,2.6482571835679076
0.0,1500.0,0.5235987755982988,0.00040770122673426386,2.597464515523995
0.0,1500.0,0.5585053606381855,0.0003992323763760762,2.5435094698919816
0.0,1500.0,0.5934119456780721,0.0003902774867548883,2.4864578681153935
0.0,1500.0,0.6283185307179586,0.0003808474803066943,2.4263792970339493
0.0,1500.0,0.6632251157578453,0.00037095385428488294,2.363347005648989
0.0,1500.0,0.6981317007977318,0.00036060867087434474,2.29743784214045
0.0,1500.0,0.7330382858376184,0.00034982454086714983,2.2287321498646113
0.0,1500.0,0.767944870877505,0.00033861460597056745,2.1573136546384855
0.0,1500.0,0.8028514559173916,0.0003269925256811879,2.0832693811148477
0.0,1500.0,0.8377580409572782,0.0003149724598612687,2.006689541776143
0.0,1500.0,0.8726646259971648,0.0003025690511999693,1.9276674251950046
0.0,1500.0,0.9075712110370514,0.00028979740693876334,1.8462992796068614
0.0,1500.0,0.9424777960769379,0.00027667308303467073,1.7626842120138873
0.0,1500.0,0.9773843811168246,0.0002632120592053976,1.6769240291975882
0.0,1500.0,1.0122909661567112,0.0002494307283744694,1.5891231704737445
0.0,1500.0,1.0471975511965976,0.0002353458680094777,1.4993885250883825
0.0,1500.0,1.0821041362364843,0.000220974624920687,1.407829335369697
0.0,1500.0,1.117010721276371,0.00020633449564444396,1.3145570717507526
0.0,1500.0,1.1519173063162575,0.00019144329606266103,1.2196852392152133
0.0,1500.0,1.1868238913561442,0.0001763191535251134,1.1233293271084974
0.0,1500.0,1.2217304763960306,0.0001609804749655997,1.0256066060058355
0.0,1500.0,1.2566370614359172,0.00014544592640697095,0.926635997138812
0.0,1500.0,1.2915436464758039,0.00012973441136506346,0.8265379348068193
0.0,1500.0,1.3264502315156905,0.0001138650507253853,0.7254342381714298
0.0,1500.0,1.361356816555577,9.785715203838394e-05,0.623447915636544
0.0,1500.0,1.3962634015954636,8.173019452501576e-05,0.5207030693188753
0.0,1500.0,1.4311699866353502,6.55037978790999e-05,0.4173246962877455
0.0,1500.0,1.4660765716752369,4.9197708645349415e-05,0.31343860177952115
0.0,1500.0,1.5009831567151235,3.283175588428044e-05,0.20917111673875066
0.0,1500.0,1.53588974175501,1.6425879217714373e-05,0.10464927649605828
0.0,2000.0,0.3490658503988659,0.0005898545093774186,3.757963079243534
0.0,2000.0,0.3839724354387525,0.00058199072801405,3.7078629281775126
0.0,2000.0,0.4188790204786391,0.00057341838148164,3.6532485084195288
0.0,2000.0,0.4537856055185257,0.000564147948510879,3.59418657996281
0.0,2000.0,0.4886921905584123,0.0005541907556125325,3.5307493040074447
0.0,2000.0,0.5235987755982988,0.0005435589635824148,3.4630141569835646
0.0,2000.0,0.5585053606381855,0.0005322655519082926,3.3910638312077324
0.0,2000.0,0.5934119456780721,0.0005203243046021485,3.314986144620288
0.0,2000.0,0.6283185307179586,0.0005077497891149332,3.2348739064512393
0.0,2000.0,0.6632251157578453,0.0004945573436055491,3.1508248361109534
0.0,2000.0,0.6981317007977318,0.00048076305505175075,3.062941423734704
0.0,2000.0,0.7330382858376184,0.0004663837387954773,2.9713307998659855
0.0,2000.0,0.767944870877505,0.00045143692200373296,2.8761046300857824
0.0,2000.0,0.8028514559173916,0.00043594081722300444,2.777378946527761
0.0,2000.0,0.8377580409572782,0.00041991430514345534,2.6752740380689537
0.0,2000.0,0.8726646259971648,0.0004033769078447256,2.569914279878747
0.0,2000.0,0.9075712110370514,0.0003863487663449231,2.461427990383505
0.0,2000.0,0.9424777960769379,0.00036885061620775707,2.3499472758596203
0.0,2000.0,0.9773843811168246,0.00035090376273302454,2.2356078723720993
0.0,2000.0,1.0122909661567112,0.0003325300535595164,2.118548971227679
0.0,2000.0,1.0471975511965976,0.00031375185435647323,1.998913064105091
0.0,2000.0,1.0821041362364843,0.00029459202000029535,1.8768457594218817
0.0,2000.0,1.117010721276371,0.00027507386647092623,1.752495603286271
0.0,2000.0,1.1519173063162575,0.00025522114405098346,1.6260139087488155
0.0,2000.0,1.1868238913561442,0.00023505800918576541,1.4975545765225116
0.0,2000.0,1.2217304763960306,0.00021460899157354252,1.3672738853150395
0.0,2000.0,1.2566370614359172,0.00019389896855158325,1.2353303286421369
0.0,2000.0,1.2915436464758039,0.0001729531301026899,1.1018843918842374
0.0,2000.0,1.3264502315156905,0.00015179695901298612,0.9670984258717346
0.0,2000.0,1.361356816555577,0.00013045618226877132,0.8311363372343421
0.0,2000.0,1.3962634015954636,0.00010895675880881207,0.6941635103709417
0.0,2000.0,1.4311699866353502,8.732482987872719e-05,0.5563464911573709
0.0,2000.0,1.4660765716752369,6.558671069664065e-05,0.4178529338482976
0.0,2000.0,1.5009831567151235,4.3768835071703754e-05,0.2788512482418246
0.0,2000.0,1.53588974175501,2.1897736765928327e-05,0.13951048093572938
0.0,2500.0,0.3490658503988659,0.0007372785169264213,4.697201431338231
0.0,2500.0,0.3839724354387525,0.0007274456011295479,4.6345559247963495
0.0,2500.0,0.4188790204786391,0.0007167271872362082,4.566268909881883
0.0,2500.0,0.4537856055185257,0.000705136388334004,4.49242393007594
0.0,2500.0,0.4886921905584123,0.0006926873760639841,4.413111272903643
0.0,2500.0,0.5235987755982988,0.0006793953638574237,4.328427863135646
0.0,2500.0,0.5585053606381855,0.0006652765875706545,4.23847713941264
0.0,2500.0,0.5934119456780721,0.0006503482857204636,4.143368928325073
0.0,2500.0,0.6283185307179586,0.0006346286774599791,4.043219304097526
0.0,2500.0,0.6632251157578453,0.00061813694084577,3.9381504501284006
0.0,2500.0,0.6981317007977318,0.0006008931912887031,3.828290521700328
0.0,2500.0,0.7330382858376184,0.0005829184528117269,3.713773462863512
0.0,2500.0,0.767944870877505,0.0005642346363898496,3.594738868439732
0.0,2500.0,0.8028514559173916,0.0005448645098248653,3.4713317920942166
0.0,2500.0,0.8377580409572782,0.0005248316740282859,3.3437025952342094
0.0,2500.0,0.8726646259971648,0.0005041605288312089,3.212006729183632
0.0,2500.0,0.9075712110370514,0.00048287624851121234,3.076404579264934
0.0,2500.0,0.9424777960769379,0.00046100474805570917,2.937061249862923
0.0,2500.0,0.9773843811168246,0.00043857265280814925,2.7941463710407186
0.0,2500.0,1.0122909661567112,0.0004156072664645301,2.647833894645521
0.0,2500.0,1.0471975511965976,0.0003921365358443201,2.4983018698641635
0.0,2500.0,1.0821041362364843,0.0003681890203127896,2.3457322484127827
0.0,2500.0,1.117010721276371,0.00034379385461298797,2.1903106477393464
0.0,2500.0,1.1519173063162575,0.00031898071397457197,2.032226128731998
0.0,2500.0,1.1868238913561442,0.00029377977895213227,1.8716709717040347
0.0,2500.0,1.2217304763960306,0.00026822169950422366,1.708840447541409
0.0,2500.0,1.2566370614359172,0.00024233755485190704,1.5439325619614996
0.0,2500.0,1.2915436464758039,0.00021615881894996344,1.377147835530217
0.0,2500.0,1.3264502315156905,0.00018971732089580355,1.2086890514271644
0.0,2500.0,1.361356816555577,0.00016304521097886763,1.0387610391463657
0.0,2500.0,1.3962634015954636,0.00013617490962998166,0.8675703492526131
0.0,2500.0,1.4311699866353502,0.00010913908421910203,0.695325105559899
0.0,2500.0,1.4660765716752369,8.197060377304641e-05,0.5222347166380786
0.0,2500.0,1.5009831567151235,5.470248545137486e-05,0.34850953481070923
0.0,2500.0,1.53588974175501,2.7367871990541315e-05,0.17436071245173873
0.0,3000.0,0.3490658503988659,0.0008846866692959213,5.636338770084314
0.0,3000.0,0.3839724354387525,0.0008728833444510151,5.561139787497417
0.0,3000.0,0.4188790204786391,0.0008600176722330939,5.479172589797041
0.0,3000.0,0.4537856055185257,0.0008461054058866859,5.390537540904076
0.0,3000.0,0.4886921905584123,0.0008311635679616722,5.295343091483813
0.0,3000.0,0.5235987755982988,0.0008152104285173104,5.193705640083785
0.0,3000.0,0.5585053606381855,0.0007982654840791909,5.085749399068526
0.0,3000.0,0.5934119456780721,0.0007803494318755998,4.971606230479446
0.0,3000.0,0.6283185307179586,0.0007614841456125748,4.851415491697714
0.0,3000.0,0.6632251157578453,0.0007416926486554683,4.725323864583988
0.0,3000.0,0.6981317007977318,0.0007209990841850127,4.593485165342716
0.0,3000.0,0.7330382858376184,0.0006994286878659318,4.456060170393852
0.0,3000.0,0.767944870877505,0.0006770077551549996,4.313216408092503
0.0,3000.0,0.8028514559173916,0.0006537636100363336,4.165127959541482
0.0,3000.0,0.8377580409572782,0.0006297245718661127,4.011975247359004
0.0,3000.0,0.8726646259971648,0.0006049199207630003,3.8539448151810753
0.0,3000.0,0.9075712110370514,0.0005793798609414413,3.691229094057922
0.0,3000.0,0.9424777960769379,0.0005531354855580762,3.524026178490504
0.0,3000.0,0.9773843811168246,0.0005262187381652155,3.3525395808505882
0.0,3000.0,1.0122909661567112,0.0004986623740630638,3.1769779851557796
0.0,3000.0,1.0471975511965976,0.00047049992000271836,2.9975549903373184
0.0,3000.0,1.0821041362364843,0.00044176563476354066,2.8144888590785175
0.0,3000.0,1.117010721276371,0.0004124944665496357,2.628002246387729
0.0,3000.0,1.1519173063162575,0.0003827220115425409,2.438321935537528
0.0,3000.0,1.1868238913561442,0.0003524844705810861,2.2456785620721
0.0,3000.0,1.2217304763960306,0.00032181860337401614,2.050306322095857
0.0,3000.0,1.2566370614359172,0.0002907616903877932,1.8524427294606305
0.0,3000.0,1.2915436464758039,0.0002593514789194209,1.6523282721956305
0.0,3000.0,1.3264502315156905,0.00022762614336023404,1.4502061593480509
0.0,3000.0,1.361356816555577,0.00019562424070023764,1.246322037501214
0.0,3000.0,1.3962634015954636,0.00016338465510073186,1.0409236376467628
0.0,3000.0,1.4311699866353502,0.0001309465669547824,0.8342605780689185
0.0,3000.0,1.4660765716752369,9.834938205306458e-05,0.6265839130600744
0.0,3000.0,1.5009831567151235,6.563271044646449e-05,0.4181459982544253
0.0,3000.0,1.53588974175501,3.283630037616991e-05,0.20920006969657848
0.0,3500.0,0.3490658503988659,0.0010320789620526022,6.575375067237128
0.0,3500.0,0.3839724354387525,0.0010183039547685372,6.48761449583035
0.0,3500.0,0.4188790204786391,0.0010032898344477126,6.391959535266377
0.0,3500.0,0.4537856055185257,0.0009870550002710951,6.288527406727147
0.0,3500.0,0.4886921905584123,0.0009696193301311328,6.177444752265448
0.0,3500.0,0.5235987755982988,0.0009510041570097433,6.058847484309075
0.0,3500.0,0.5585053606381855,0.000931232241688399,5.932880611796791
0.0,3500.0,0.5934119456780721,0.0009103277448575641,5.799698062487542
0.0,3500.0,0.6283185307179586,0.0008883161977505373,5.659462495868673
0.0,3500.0,0.6632251157578453,0.0008652244704376507,5.512345101158273
0.0,3500.0,0.6981317007977318,0.0008410807384824483,5.358525384871679
0.0,3500.0,0.7330382858376184,0.0008159144484559711,5.198190951112991
0.0,3500.0,0.767944870877505,0.0007897562832869916,5.031537280821423
0.0,3500.0,0.8028514559173916,0.0007626381225459668,4.858767478740355
0.0,3500.0,0.8377580409572782,0.0007345930056213468,4.6800920388136005
0.0,3500.0,0.8726646259971648,0.0007056550900995215,4.4957285790240515
0.0,3500.0,0.9075712110370514,0.0006758596105294195,4.305901578682931
0.0,3500.0,0.9424777960769379,0.0006452428358122634,4.110842106959931
0.0,3500.0,0.9773843811168246,0.0006138420258909649,3.9107875469513376
0.0,3500.0,1.0122909661567112,0.0005816953837774174,3.7059812900459264
0.0,3500.0,1.0471975511965976,0.0005488420139201728,3.4966724706854206
0.0,3500.0,1.0821041362364843,0.0005153218699789411,3.283115633635834
0.0,3500.0,1.117010721276371,0.0004811757096862723,3.065570446411241
0.0,3500.0,1.1519173063162575,0.0004464450439592133,2.844301375064148
0.0,3500.0,1.1868238913561442,0.0004111720890797492,2.6195773795270823
0.0,3500.0,1.2217304763960306,0.00037539971294787365,2.3916715711909027
0.0,3500.0,1.2566370614359172,0.0003391713827079715,2.160860879232487
0.0,3500.0,1.2915436464758039,0.00030253111721385845,1.927425747769492
0.0,3500.0,1.3264502315156905,0.00026552343041426015,1.6916497751692514
0.0,3500.0,1.361356816555577,0.0002281932770473189,1.4538193680684688
0.0,3500.0,1.3962634015954636,0.00019058599817315931,1.214223394361198
0.0,3500.0,1.4311699866353502,0.00015274727251469566,0.973152873191126
0.0,3500.0,1.4660765716752369,0.00011472305493736301,0.7309005830059397
0.0,3500.0,1.5009831567151235,7.65595197662413e-05,0.48776070043072334
0.0,3500.0,1.53588974175501,3.830301384245961e-05,0.2440285011903102
0.0,4000.0,0.3490658503988659,0.0011794553916086752,7.51431029993887
0.0,4000.0,0.3839724354387525,0.0011637074286717337,7.413980028067615
0.0,4000.0,0.4188790204786391,0.0011465436709993206,7.304629727936672
0.0,4000.0,0.4537856055185257,0.001127985168906717,7.186393511104694
0.0,4000.0,0.4886921905584123,0.0011080546619864962,7.059416251515968
0.0,4000.0,0.5235987755982988,0.0010867765494410762,6.923853396489097
0.0,4000.0,0.5585053606381855,0.0010641768616267903,6.779870785424281
0.0,4000.0,0.5934119456780721,0.0010402832266788158,6.627644437170736
0.0,4000.0,0.6283185307179586,0.0010151248356901218,6.4673603281817655
0.0,4000.0,0.6632251157578453,0.000988732409092222,6.299214178326547
0.0,4000.0,0.6981317007977318,0.000961138156897596,6.123411197594584
0.0,4000.0,0.7330382858376184,0.0009323757387917687,5.940165831842359
0.0,4000.0,0.767944870877505,0.00090248022526202,5.749701515144329
0.0,4000.0,0.8028514559173916,0.0008714880536381012,5.552250389728343
0.0,4000.0,0.8377580409572782,0.0008394369812786224,5.3480530077261035
0.0,4000.0,0.8726646259971648,0.0008063660437984654,5.137358065040023
0.0,4000.0,0.9075712110370514,0.000772315504516928,4.9204220792773485
0.0,4000.0,0.9424777960769379,0.0007373268067147747,4.69750908557983
0.0,4000.0,0.9773843811168246,0.0007014425234055971,4.46889031661706
0.0,4000.0,1.0122909661567112,0.0006647063047037823,4.234843867267798
0.0,4000.0,1.0471975511965976,0.000627162825761033,3.995654362923541
0.0,4000.0,1.0821041362364843,0.0005888577339947922,3.751612623280821
0.0,4000.0,1.117010721276371,0.0005498375915765215,3.503015295934018
0.0,4000.0,1.1519173063162575,0.0005101498194277587,3.2501644995742507
0.0,4000.0,1.1868238913561442,0.0004698426433873164,2.9933674810205924
0.0,4000.0,1.2217304763960306,0.0004289650313855576,2.732936214957387
0.0,4000.0,1.2566370614359172,0.00038756663771232484,2.4691870488652214
0.0,4000.0,1.2915436464758039,0.0003456977411137738,2.202440308635853
0.0,4000.0,1.3264502315156905,0.0003034091871451092,1.9330199313014904
0.0,4000.0,1.361356816555577,0.000260752322961661,1.6612530495887423
0.0,4000.0,1.3962634015954636,0.0002177789413933363,1.3874696356169454
0.0,4000.0,1.4311699866353502,0.00017454121131718893,1.1120020573018108
0.0,4000.0,1.4660765716752369,0.00013109162145182173,0.8351847202695563
0.0,4000.0,1.5009831567151235,8.748291152308524e-05,0.5573536293135761
0.0,4000.0,1.53588974175501,4.376802082817774e-05,0.2788460606963204
0.0,4500.0,0.3490658503988659,0.001326815954165702,8.453144443989688
0.0,4500.0,0.3839724354387525,0.0013090937634235294,8.340236366771306
0.0,4500.0,0.4188790204786391,0.00128977917983081,8.21718315470209
0.0,4500.0,0.4537856055185257,0.0012688959110014556,8.084135848990273
0.0,4500.0,0.4886921905584123,0.0012464695623123617,7.9412575814920565
0.0,4500.0,0.5235987755982988,0.0012225276058468544,7.788723376850309
0.0,4500.0,0.5585053606381855,0.0011970993447210604,7.626719925217875
0.0,4500.0,0.5934119456780721,0.0011702158780275897,7.4554453589137735
0.0,4500.0,0.6283185307179586,0.0011419100618502976,7.275109004048246
0.0,4500.0,0.6632251157578453,0.0011122164681939847,7.0859311188638765
0.0,4500.0,0.6981317007977318,0.0010811713434031572,6.888142628821514
0.0,4500.0,0.7330382858376184,0.0010488125638026585,6.681984843986737
0.0,4500.0,0.767944870877505,0.0010151795876261163,6.467709152765987
0.0,4500.0,0.8028514559173916,0.0009803134084959335,6.2455767255275925
0.0,4500.0,0.8377580409572782,0.000944256504858422,6.015858192453006
0.0,4500.0,0.8726646259971648,0.0009070527885511018,5.778833315859069
0.0,4500.0,0.9075712110370514,0.0008687475504300373,5.534790643789767
0.0,4500.0,0.9424777960769379,0.0008293874057163379,5.284027161818789
0.0,4500.0,0.9773843811168246,0.0007890202385609801,5.026847939872003
0.0,4500.0,1.0122909661567112,0.0007476951431216509,4.763565756828037
0.0,4500.0,1.0471975511965976,0.0007054623633835699,4.494500717116724
0.0,4500.0,1.0821041362364843,0.0006623732349732439,4.219979880014537
0.0,4500.0,1.117010721276371,0.0006184801198421933,3.9403368435146136
0.0,4500.0,1.1519173063162575,0.0005738363452438085,3.655911355548304
0.0,4500.0,1.1868238913561442,0.0005284961399932213,3.3670489078968124
0.0,4500.0,1.2217304763960306,0.00048251456811365255,3.074100313452081
0.0,4500.0,1.2566370614359172,0.00043594746107862326,2.7774212745319087
0.0,4500.0,1.2915436464758039,0.0003888513556525276,2.4773719868622535
0.0,4500.0,1.3264502315156905,0.0003412834191217385,2.1743166632245963
0.0,4500.0,1.361356816555577,0.0002933013862533637,1.86862313182018
0.0,4500.0,1.3962634015954636,0.00024496348984692556,1.5606623938147628
0.0,4500.0,1.4311699866353502,0.00019632838506232652,1.2508081412320824
0.0,4500.0,1.4660765716752369,0.0001474550835365967,0.9394363372116575
0.0,4500.0,1.5009831567151235,9.840288882469532e-05,0.6269248047021339
0.0,4500.0,1.53588974175501,4.923130555099237e-05,0.3136526476653724
0.0,5000.0,0.3490658503988659,0.0014741606459697605,9.391877475473343
0.0,5000.0,0.3839724354387525,0.0014544629562412556,9.26638349421304
0.0,5000.0,0.4188790204786391,0.0014329963587540536,9.129619801622075
0.0,5000.0,0.4537856055185257,0.0014097872246884612,8.981754408490186
0.0,5000.0,0.4886921905584123,0.0013848640308605706,8.822968740612696
0.0,5000.0,0.5235987755982988,0.0013582573261450787,8.653457424870295
0.0,5000.0,0.5585053606381855,0.001329999691847086,8.473428036757785
0.0,5000.0,0.5934119456780721,0.0013001257015766534,8.283100844744858
0.0,5000.0,0.6283185307179586,0.001268671878339027,8.082708536897941
0.0,5000.0,0.6632251157578453,0.0012356766504876637,7.872495940256906
0.0,5000.0,0.6981317007977318,0.0012011803027855165,7.652719709046526
0.0,5000.0,0.7330382858376184,0.001165224927825775,7.423648015178013
0.0,5000.0,0.767944870877505,0.0011278543742213143,7.185560218163993
0.0,5000.0,0.8028514559173916,0.0010891141931797933,6.938746524748463
0.0,5000.0,0.8377580409572782,0.0010490515832469471,6.683507636866301
0.0,5000.0,0.8726646259971648,0.0010077153310269452,6.420154373972667
0.0,5000.0,0.9075712110370514,0.0009651557544432933,6.149007311558222
0.0,5000.0,0.9424777960769379,0.0009214246393234052,5.870396377129415
0.0,5000.0,0.9773843811168246,0.0008765751789202052,5.584660464900628
0.0,5000.0,1.0122909661567112,0.0008306619071104725,5.29214701020082
0.0,5000.0,1.0471975511965976,0.0007837406347782287,4.993211584172095
0.0,5000.0,1.0821041362364843,0.0007358683799348343,4.68821744856483
0.0,5000.0,1.117010721276371,0.0006871033018181112,4.377535135883186
0.0,5000.0,1.1519173063162575,0.0006375046279026123,4.061541984367543
0.0,5000.0,1.1868238913561442,0.0005871325858647847,3.740621704544543
0.0,5000.0,1.2217304763960306,0.0005360483280340328,3.415163897904823
0.0,5000.0,1.2566370614359172,0.00048431386020904646,3.0855636033918348
0.0,5000.0,1.2915436464758039,0.00043199196628256195,2.752220817186202
0.0,5000.0,1.3264502315156905,0.0003791461312773648,2.4155400023680915
0.0,5000.0,1.361356816555577,0.00032584046967508174,2.0759296322999456
0.0,5000.0,1.3962634015954636,0.00027213964581232096,1.733801683470297
0.0,5000.0,1.4311699866353502,0.00021810879414230574,1.38957112748063
0.0,5000.0,1.4660765716752369,0.00016381344526845786,1.0436554598053451
0.0,5000.0,1.5009831567151235,0.00010931944610800925,0.6964741911541269
0.0,5000.0,1.53588974175501,5.469288273195566e-05,0.3484483558852895
0.0,5500.0,0.3490658503988659,0.0016214894628797207,10.3305093680067
0.0,5500.0,0.3839724354387525,0.0015998150032757845,10.192421385870022
0.0,5500.0,0.4188790204786391,0.00157619520529753,10.041939652950562
0.0,5500.0,0.4537856055185257,0.0015506591083014338,9.879249178988434
0.0,5500.0,0.4886921905584123,0.0015232380667441862,9.70454972322721
0.0,5500.0,0.5235987755982988,0.0014939657106351253,9.518055542456382
0.0,5500.0,0.5585053606381855,0.001462877903679681,9.319995124343247
0.0,5500.0,0.5934119456780721,0.0014300126980539452,9.110610899301685
0.0,5500.0,0.6283185307179586,0.001395410288049316,8.890158945162193
0.0,5500.0,0.6632251157578453,0.0013591129594904593,8.658908664913717
0.0,5500.0,0.6981317007977318,0.0013211650381748311,8.417142458211849
0.0,5500.0,0.7330382858376184,0.0012816128354819828,8.165155374855713
0.0,5500.0,0.767944870877505,0.0012405045907258295,7.90325474751426
0.0,5500.0,0.8028514559173916,0.001197890414044334,7.6317598278764525
0.0,5500.0,0.8377580409572782,0.001153822221975897,7.35100137620844
0.0,5500.0,0.8726646259971648,0.001108353677684533,7.061321280528159
0.0,5500.0,0.9075712110370514,0.0010615401237727411,6.763072128556134
0.0,5500.0,0.9424777960769379,0.0010134385157193665,6.456616783648084
0.0,5500.0,0.9773843811168246,0.000964107351890376,6.142327938893585
0.0,5500.0,1.0122909661567112,0.0009136066046402715,5.82058767816317
0.0,5500.0,1.0471975511965976,0.0008619976467214871,5.4917870072625945
0.0,5500.0,1.0821041362364843,0.0008093431769247493,5.156325380187578
0.0,5500.0,1.117010721276371,0.0007557071449780699,4.814610220655283
0.0,5500.0,1.1519173063162575,0.000701154675364264,4.467056436745726
0.0,5500.0,1.1868238913561442,0.000645751987888116,4.114085914835187
0.0,5500.0,1.2217304763960306,0.0005895663192293558,3.7561270198102257
0.0,5500.0,1.2566370614359172,0.0005326658403226221,3.3936140686954253
0.0,5500.0,1.2915436464758039,0.0004751195772845178,3.026986826879663
0.0,5500.0,1.3264502315156905,0.00041699732819952166,2.656689977959153
0.0,5500.0,1.361356816555577,0.00035836957724688314,2.2831725766398927
0.0,5500.0,1.3962634015954636,0.0002993074141163674,1.9068875353353767
0.0,5500.0,1.4311699866353502,0.00023988244517779018,1.5282910582277014
0.0,5500.0,1.4660765716752369,0.00018016670881056373,1.1478421018321014
0.0,5500.0,1.5009831567151235,0.00012023259800687195,0.7660018819017812
0.0,5500.0,1.53588974175501,6.015275237111814e-05,0.38323318535639367
0.0,6000.0,0.3490658503988659,0.0017688024010299973,11.269040096962113
0.0,6000.0,0.3839724354387525,0.0017451499016454654,11.11835002338326
0.0,6000.0,0.4188790204786391,0.0017193757168237741,10.954142691884265
0.0,6000.0,0.4537856055185257,0.001691511560159318,10.776620149775015
0.0,6000.0,0.4886921905584123,0.0016615916689035292,10.586000522584385
0.0,6000.0,0.5235987755982988,0.0016296527591573744,10.382517728591633
0.0,6000.0,0.5585053606381855,0.0015957339811239638,10.166421193740772
0.0,6000.0,0.5934119456780721,0.0015598768697568112,9.937975537220643
0.0,6000.0,0.6283185307179586,0.001522125292946616,9.69746024136289
0.0,6000.0,0.6632251157578453,0.0014825253978975803,9.445169310005484
0.0,6000.0,0.6981317007977318,0.001441125553506762,9.18141090139158
0.0,6000.0,0.7330382858376184,0.0013979762911611939,8.906506950987966
0.0,6000.0,0.767944870877505,0.0013531302429057586,8.620792777552587
0.0,6000.0,0.8028514559173916,0.0013066420759175951,8.324616665671
0.0,6000.0,0.8377580409572782,0.0012585684277279245,8.018339453054608
0.0,6000.0,0.8726646259971648,0.0012089678357786726,7.702334081745923
0.0,6000.0,0.9075712110370514,0.0011579006662436446,7.37698514463826
0.0,6000.0,0.9424777960769379,0.0011054290415571696,7.042688423760727
0.0,6000.0,0.9773843811168246,0.0010516167652112952,6.699850411161162
0.0,6000.0,1.0122909661567112,0.0009965292431732026,6.348887808256475
0.0,6000.0,1.0471975511965976,0.0009402334078803686,5.990227041605829
0.0,6000.0,1.0821041362364843,0.0008827976333304445,5.6243037219482614
0.0,6000.0,1.117010721276371,0.0008242916572827303,5.251562148548275
0.0,6000.0,1.1519173063162575,0.0007647864947037869,4.872454757757826
0.0,6000.0,1.1868238913561442,0.0007043543530611575,4.487441583352634
0.0,6000.0,1.2217304763960306,0.0006430685473249333,4.09698971500715
0.0,6000.0,1.2566370614359172,0.0005810034074671496,3.7015727089732104
0.0,6000.0,1.2915436464758039,0.0005182341973975905,3.301670071620049
0.0,6000.0,1.3264502315156905,0.00045483701671601354,2.897766633497722
0.0,6000.0,1.361356816555577,0.00039088871458182084,2.490352000600781
0.0,6000.0,1.3962634015954636,0.00032646679869438323,2.079919974481916
0.0,6000.0,1.4311699866353502,0.00026164933824363246,1.6669679339501824
0.0,6000.0,1.4660765716752369,0.0001965148769043581,1.2519962807576654
0.0,6000.0,1.5009831567151235,0.0001311423311604822,0.835507791823432
0.0,6000.0,1.53588974175501,6.561090925881405e-05,0.41800710288790427
0.0,6500.0,0.3490658503988659,0.0019160994568399137,12.207469639527089
0.0,6500.0,0.3839724354387525,0.0018904676485351068,12.044169388817165
0.0,6500.0,0.4188790204786391,0.0018625378911887034,11.86622890476323
0.0,6500.0,0.4537856055185257,0.0018323445792379953,11.67386731432527
0.0,6500.0,0.4886921905584123,0.0017999248369123368,11.467321135968497
0.0,6500.0,0.5235987755982988,0.0017653184718353337,11.246843984062911
0.0,6500.0,0.5585053606381855,0.001728567925162427,11.012706251209822
0.0,6500.0,0.5934119456780721,0.0016897182179776884,10.765194766735853
0.0,6500.0,0.6283185307179586,0.0016488168957719941,10.504612442963374
0.0,6500.0,0.6632251157578453,0.0016059139694192077,10.231277899169772
0.0,6500.0,0.6981317007977318,0.0015610618530710204,9.945525065915472
0.0,6500.0,0.7330382858376184,0.0015143152998447285,9.647702775310766
0.0,6500.0,0.767944870877505,0.0014657313348398935,9.338174334264961
0.0,6500.0,0.8028514559173916,0.0014153691850414634,9.017317077899163
0.0,6500.0,0.8377580409572782,0.0013632902066738133,8.685521906718865
0.0,6500.0,0.8726646259971648,0.0013095578112752829,8.343192815634827
0.0,6500.0,0.9075712110370514,0.0012542373880218122,7.990746399086966
0.0,6500.0,0.9424777960769379,0.0011973962246810558,7.628611347443006
0.0,6500.0,0.9773843811168246,0.0011391034259518684,7.257227926739354
0.0,6500.0,1.0122909661567112,0.0010794298304772029,6.877047449970259
0.0,6500.0,1.0471975511965976,0.0010184479249264824,6.48853172970662
0.0,6500.0,1.0821041362364843,0.0009562317567163465,6.092152522039844
0.0,6500.0,1.117010721276371,0.0008928568461238143,5.68839096665482
0.0,6500.0,1.1519173063162575,0.0008284000935248171,5.27773699584661
0.0,6500.0,1.1868238913561442,0.0007629396893253548,4.860688760691835
0.0,6500.0,1.2217304763960306,0.0006965550189841927,4.437752025948292
0.0,6500.0,1.2566370614359172,0.0006293265689078393,4.009439570511844
0.0,6500.0,1.2915436464758039,0.0005613358296041332,3.576270570407932
0.0,6500.0,1.3264502315156905,0.0004926651991767942,3.138769983955356
0.0,6500.0,1.361356816555577,0.00042339788512870286,2.6974679261549657
0.0,6500.0,1.3962634015954636,0.0003536178029335603,2.252899022489713
0.0,6500.0,1.4311699866353502,0.00028340947996031247,1.8056017968271507
0.0,6500.0,1.4660765716752369,0.0002128579510833475,1.3561180063520069
0.0,6500.0,1.5009831567151235,0.00014204866029548764,0.9049920147425518
0.0,6500.0,1.53588974175501,7.106736059775675e-05,0.45277015436830825
0.0,7000.0,0.3490658503988659,0.0020633806265886417,13.145797971996236
0.0,7000.0,0.3839724354387525,0.0020357682406809342,12.969879461378232
0.0,7000.0,0.4188790204786391,0.0020056817262329215,12.778198277829942
0.0,7000.0,0.4537856055185257,0.0019731581634725086,12.570990659483352
0.0,7000.0,0.4886921905584123,0.0019382375697203295,12.34851155668822
0.0,7000.0,0.5235987755982988,0.001900962848623908,12.11103430858292
0.0,7000.0,0.5585053606381855,0.0018613797364096466,11.858850300665859
0.0,7000.0,0.5934119456780721,0.0018195367443998892,11.592268598571694
0.0,7000.0,0.6283185307179586,0.0017754850988274907,11.311615564629943
0.0,7000.0,0.6632251157578453,0.0017292786768135359,11.017234449979037
0.0,7000.0,0.6981317007977318,0.0016809739401965704,10.70948497299235
0.0,7000.0,0.7330382858376184,0.001630629865737355,10.38874287461269
0.0,7000.0,0.767944870877505,0.001578307872476543,10.055399455548056
0.0,7000.0,0.8028514559173916,0.0015240717469654312,9.709861099916763
0.0,7000.0,0.8377580409572782,0.0014679875650340775,9.352548776832107
0.0,7000.0,0.8726646259971648,0.0014101236113591039,8.983897527968852
0.0,7000.0,0.9075712110370514,0.0013505502966726886,8.6043559401017
0.0,7000.0,0.9424777960769379,0.0012893400720668153,8.21438559913768
0.0,7000.0,0.9773843811168246,0.0012265673421083386,7.814460536572225
0.0,7000.0,1.0122909661567112,0.001162308374040687,7.405066651013217
0.0,7000.0,1.0471975511965976,0.0010966412065898706,6.986701127184066
0.0,7000.0,1.0821041362364843,0.0010296455554090985,6.559871833511366
0.0,7000.0,1.117010721276371,0.0009614027189903788,6.1250967226877036
0.0,7000.0,1.1519173063162575,0.0008919954785279072,5.682903193701297
0.0,7000.0,1.1868238913561442,0.0008215080022575585,5.233827482382905
0.0,7000.0,1.2217304763960306,0.0007500257413917561,4.778413998406878
0.0,7000.0,1.2566370614359172,0.0006776353299093842,4.317214686852687
0.0,7000.0,1.2915436464758039,0.0006044244812655455,3.8507883701427903
0.0,7000.0,1.3264502315156905,0.0005304818838415099,3.3797000819542595
0.0,7000.0,1.361356816555577,0.00045589709362349104,2.9045203834752615
0.0,7000.0,1.3962634015954636,0.00038076043132709503,2.4258247079849227
0.0,7000.0,1.4311699866353502,0.0003051628706103572,1.9441926486585854
0.0,7000.0,1.4660765716752369,0.00022919593307304007,1.4602072896083382
0.0,7000.0,1.5009831567151235,0.0001529515804671374,0.9744545191561323
0.0,7000.0,1.53588974175501,7.65221012659653e-05,0.4875223071654649
0.0,7500.0,0.3490658503988659,0.002210645906260508,14.084025068785696
0.0,7500.0,0.3839724354387525,0.002181051674824952,13.895480220309768
0.0,7500.0,0.4188790204786391,0.0021488072193213835,13.690050794296534
0.0,7500.0,0.4537856055185257,0.0021139523114688135,13.467990176367811
0.0,7500.0,0.4886921905584123,0.0020765298667696093,13.22957178118918
0.0,7500.0,0.5235987755982988,0.0020365858895833454,12.975088702535492
0.0,7500.0,0.5585053606381855,0.0019941694158470357,12.704853348361464
0.0,7500.0,0.5934119456780721,0.0019493324508534603,12.419197044387396
0.0,7500.0,0.6283185307179586,0.0019021299045309332,12.118469621766575
0.0,7500.0,0.6632251157578453,0.0018526195234024531,11.803038983597029
0.0,7500.0,0.6981317007977318,0.0018008618191746606,11.473290649961761
0.0,7500.0,0.7330382858376184,0.0017469199933524302,11.129627277648332
0.0,7500.0,0.767944870877505,0.0016908598607792485,10.772468173024592
0.0,7500.0,0.8028514559173916,0.0016327497675937424,10.402248769339732
0.0,7500.0,0.8377580409572782,0.001572660508992597,10.019420102791836
0.0,7500.0,0.8726646259971648,0.0015106652425590534,9.624448260343728
0.0,7500.0,0.9075712110370514,0.0014468393989315947,9.21781381059319
0.0,7500.0,0.9424777960769379,0.0013812605914783698,8.800011228308694
0.0,7500.0,0.9773843811168246,0.0013140085210294743,8.371548287478781
0.0,7500.0,1.0122909661567112,0.0012451648815234753,7.932945460186061
0.0,7500.0,1.0471975511965976,0.0011748132597622178,7.484735277945091
0.0,7500.0,1.0821041362364843,0.0011030390363329277,7.027461700477081
0.0,7500.0,1.117010721276371,0.0010299292828987816,6.561679461348138
0.0,7500.0,1.1519173063162575,0.0009555726577874811,6.087953402764042
0.0,7500.0,1.1868238913561442,0.000880059299768866,5.606857798827445
0.0,7500.0,1.2217304763960306,0.000803480720837754,5.1189756724573305
0.0,7500.0,1.2566370614359172,0.0007259296970027753,4.624898099604681
0.0,7500.0,1.2915436464758039,0.0006475001575223612,4.125223503574964
0.0,7500.0,1.3264502315156905,0.0005682870739275575,3.6205569479924695
0.0,7500.0,1.361356816555577,0.0004883863454345421,3.1115094067634677
0.0,7500.0,1.3962634015954636,0.00040789468774608925,2.5986970556303346
0.0,7500.0,1.4311699866353502,0.00032690951439845044,2.0827405162325276
0.0,7500.0,1.4660765716752369,0.00024552882698828326,1.5642641567423528
0.0,7500.0,1.5009831567151235,0.00016385109325496868,1.0438953151274055
0.0,7500.0,1.53588974175501,8.197513146090629e-05,0.5222635625374339
0.0,8000.0,0.3490658503988659,0.0023578952922016175,15.022150906616506
0.0,8000.0,0.3839724354387525,0.0023263179480944654,14.82097164730984
0.0,8000.0,0.4188790204786391,0.0022919143683149804,14.601786440534742
0.0,8000.0,0.4537856055185257,0.002254727021752278,14.364865855583764
0.0,8000.0,0.4886921905584123,0.002214801727038582,14.110501802962805
0.0,8000.0,0.5235987755982988,0.0021721875947438864,13.839007166113301
0.0,8000.0,0.5585053606381855,0.002126936964290587,13.55071539949533
0.0,8000.0,0.5934119456780721,0.002079105338735341,13.245980113082856
0.0,8000.0,0.6283185307179586,0.0020287513152156614,12.925174629238978
0.0,8000.0,0.6632251157578453,0.0019759365124462536,12.588691520795082
0.0,8000.0,0.6981317007977318,0.0019207254938027223,12.236942121017144
0.0,8000.0,0.7330382858376184,0.0018631856875351378,11.870356015286363
0.0,8000.0,0.767944870877505,0.001803387304711833,11.48938051831909
0.0,8000.0,0.8028514559173916,0.0017414032525652865,11.09448012209344
0.0,8000.0,0.8377580409572782,0.0016773090449735508,10.686135925526493
0.0,8000.0,0.8726646259971648,0.0016111827114360796,10.264845054559263
0.0,8000.0,0.9075712110370514,0.0015431047020429017,9.831120056715326
0.0,8000.0,0.9424777960769379,0.0014731577897910265,9.385488278758631
0.0,8000.0,0.9773843811168246,0.0014014269702534682,8.928491227484846
0.0,8000.0,1.0122909661567112,0.0013279993605372822,8.460683925983025
0.0,8000.0,1.0471975511965976,0.001252964092641192,7.982634234217034
0.0,8000.0,1.0821041362364843,0.0011764122076189552,7.494922174740363
0.0,8000.0,1.117010721276371,0.0010984365462595894,6.998139236219844
0.0,8000.0,1.1519173063162575,0.001019131638036871,6.492887665932904
0.0,8000.0,1.1868238913561442,0.000938593588657161,5.979779753334773
0.0,8000.0,1.2217304763960306,0.000856919964293626,5.459437092514691
0.0,8000.0,1.2566370614359172,0.0007742096765876202,4.932489849539729
0.0,8000.0,1.2915436464758039,0.00069056286407809,4.399576007041512
0.0,8000.0,1.3264502315156905,0.0006060807743128122,3.8613406131469263
0.0,8000.0,1.361356816555577,0.0005208656435953929,3.3184350153462483
0.0,8000.0,1.3962634015954636,0.00043502057461351963,2.7715160808627335
0.0,8000.0,1.4311699866353502,0.0003486494153627447,2.2212454252760465
0.0,8000.0,1.4660765716752369,0.00026185663434886167,1.6682886174365976
0.0,8000.0,1.5009831567151235,0.00017474720091579442,1.1133144170345264
0.0,8000.0,1.53588974175501,8.742646011964322e-05,0.556993977422247
0.0,8500.0,0.3490658503988659,0.0025051287803483126,15.960175459599098
0.0,8500.0,0.3839724354387525,0.00247156705739431,15.746353722659148
0.0,8500.0,0.4188790204786391,0.0024350031706493027,15.513405200206707
0.0,8500.0,0.4537856055185257,0.0023954822924665948,15.261617685304675
0.0,8500.0,0.4886921905584123,0.0023530531501215436,14.991301619424354
0.0,8500.0,0.5235987755982988,0.002307767964258679,14.702789700292044
0.0,8500.0,0.5585053606381855,0.0022596823826358556,14.396436459773037
0.0,8500.0,0.5934119456780721,0.002208855409789946,14.072617815771746
0.0,8500.0,0.6283185307179586,0.002155349333515954,13.731730603830144
0.0,8500.0,0.6632251157578453,0.0020992296471090024,13.374192081731454
0.0,8500.0,0.6981317007977318,0.0020405649676929053,13.0004394091715
0.0,8500.0,0.7330382858376184,0.0019794269525801873,12.610929114888373
0.0,8500.0,0.767944870877505,0.0019158902098762032,12.206136527121291
0.0,8500.0,0.8028514559173916,0.0018500322075721612,11.786555194442238
0.0,8500.0,0.8377580409572782,0.001781933178948517,11.352696283081
0.0,8500.0,0.8726646259971648,0.0017116760248988474,10.905087954630558
0.0,8500.0,0.9075712110370514,0.0016393462130019445,10.444274723035388
0.0,8500.0,0.9424777960769379,0.0015650316743883769,9.970816797528348
0.0,8500.0,0.9773843811168246,0.001488822697527932,9.485289405950454
0.0,8500.0,1.0122909661567112,0.0014108118188970256,8.98828209819295
0.0,8500.0,1.0471975511965976,0.0013310937125132385,8.480398042421843
0.0,8500.0,1.0821041362364843,0.0012497650763865491,7.962253301658704
0.0,8500.0,1.117010721276371,0.0011669245159007435,7.434476090803637
0.0,8500.0,1.1519173063162575,0.0010826724269089726,6.897706031837064
0.0,8500.0,1.1868238913561442,0.0009971108760485241,6.352593391305148
0.0,8500.0,1.2217304763960306,0.0009103434778717474,5.799798297520902
0.0,8500.0,1.2566370614359172,0.0008224752742968883,5.239989972545475
0.0,8500.0,1.2915436464758039,0.000733612606429584,4.67384591556288
0.0,8500.0,1.3264502315156905,0.0006438629917387289,4.102051120367443
0.0,8500.0,1.361356816555577,0.000553334994105517,3.525297247446249
0.0,8500.0,1.3962634015954636,0.00046213809765405543,2.944281820153987
0.0,8500.0,1.4311699866353502,0.00037038257472673023,2.359707383583998
0.0,8500.0,1.4660765716752369,0.00027817935803442734,1.7722806900373367
0.0,8500.0,1.5009831567151235,0.0001856399067833441,1.1827118461166855
0.0,8500.0,1.53588974175501,9.28760808379807e-05,0.5917135110187751
0.0,9000.0,0.3490658503988659,0.00265234636701021,16.898098704222047
0.0,9000.0,0.3839724354387525,0.002616798999340913,16.67162642480096
0.0,9000.0,0.4188790204786391,0.0025780736241843797,16.424907059678684
0.0,9000.0,0.4537856055185257,0.0025362181224423946,16.158245658080496
0.0,9000.0,0.4886921905584123,0.002491284135032538,15.871971224292299
0.0,9000.0,0.5235987755982988,0.0024433269980968344,15.56643630487493
0.0,9000.0,0.5585053606381855,0.002392405671603719,15.242016533787293
0.0,9000.0,0.5934119456780721,0.0023385826656329173,14.899110162747316
0.0,9000.0,0.6283185307179586,0.0022819239617484157,14.538137560299155
0.0,9000.0,0.6632251157578453,0.002222498930385466,14.159540685485803
0.0,9000.0,0.6981317007977318,0.0021603802453001044,13.763782542806965
0.0,9000.0,0.7330382858376184,0.0020956437932854546,13.35134660702163
0.0,9000.0,0.767944870877505,0.0020283685813506356,12.9227362317849
0.0,9000.0,0.8028514559173916,0.0019586366384588354,12.47847402362124
0.0,9000.0,0.8377580409572782,0.0018865329173276815,12.01910121629466
0.0,9000.0,0.8726646259971648,0.0018121451894341652,11.545177001885065
0.0,9000.0,0.9075712110370514,0.0017355639386888934,11.05727785338694
0.0,9000.0,0.9424777960769379,0.001656882252955264,10.555996833577987
0.0,9000.0,0.9773843811168246,0.0015761957099780393,10.04194286827009
0.0,9000.0,1.0122909661567112,0.0014936022641195569,9.515740024705698
0.0,9000.0,1.0471975511965976,0.0014092021276617369,8.978026755332925
0.0,9000.0,1.0821041362364843,0.0013230976507870237,8.42945513316413
0.0,9000.0,1.117010721276371,0.001235393199574353,7.870690074488202
0.0,9000.0,1.1519173063162575,0.0011461950316225258,7.302408546467111
0.0,9000.0,1.1868238913561442,0.0010556111686763142,6.725298755636797
0.0,9000.0,1.2217304763960306,0.0009637512690229423,6.140059334945166
0.0,9000.0,1.2566370614359172,0.0008707264967404303,5.547398510733282
0.0,9000.0,1.2915436464758039,0.0007766493903540865,4.948033265945885
0.0,9000.0,1.3264502315156905,0.0006816337298971597,4.342688493174805
0.0,9000.0,1.361356816555577,0.0005857944003709997,3.7320961247636393
0.0,9000.0,1.3962634015954636,0.0004892472588527688,3.11699428615099
0.0,9000.0,1.4311699866353502,0.00039210899620998035,2.4981264148537847
0.0,9000.0,1.4660765716752369,0.00029449699889210363,1.8762403799415923
0.0,9000.0,1.5009831567151235,0.00019652921158081477,1.252087606981371
0.0,9000.0,1.53588974175501,9.832399757594522e-05,0.626422188556347
0.0,9500.0,0.3490658503988659,0.002799548048454397,17.835920616702964
0.0,9500.0,0.3839724354387525,0.0027620137712622427,17.59678973671175
0.0,9500.0,0.4188790204786391,0.00272112572668474,17.33629200470848
0.0,9500.0,0.4537856055185257,0.0026769345098136246,17.054749762022603
0.0,9500.0,0.4886921905584123,0.002629494681033163,16.752510612862284
0.0,9500.0,0.5235987755982988,0.0025788646963068496,16.42994698017094
0.0,9500.0,0.5585053606381855,0.002525106832181857,16.08745562783061
0.0,9500.0,0.5934119456780721,0.002468287108099777,15.725457165703679
0.0,9500.0,0.6283185307179586,0.002408475202225979,15.344395513381711
0.0,9500.0,0.6632251157578453,0.0023457443655243515,14.944737352755643
0.0,9500.0,0.6981317007977318,0.0022801713299479345,14.526971543098291
0.0,9500.0,0.7330382858376184,0.0022118362139668117,14.091608519182557
0.0,9500.0,0.767944870877505,0.0021408224238277833,13.639179662206807
0.0,9500.0,0.8028514559173916,0.002067216550914126,13.170236645873898
0.0,9500.0,0.8377580409572782,0.0019911082664549355,12.685350765584394
0.0,9500.0,0.8726646259971648,0.0019125902117989872,12.185112239371348
0.0,9500.0,0.9075712110370514,0.0018317578865058859,11.670129494928998
0.0,9500.0,0.9424777960769379,0.0017487095323837584,11.141028430816926
0.0,9500.0,0.9773843811168246,0.0016635460153387224,10.598451663723
0.0,9500.0,1.0122909661567112,0.001576370703995929,10.043057755158063
0.0,9500.0,1.0471975511965976,0.0014872893453147242,9.475520419000107
0.0,9500.0,1.0821041362364843,0.0013964099381436183,8.896527715912994
0.0,9500.0,1.117010721276371,0.0013038426047784217,8.306781235043324
0.0,9500.0,1.1519173063162575,0.0012096994593672607,7.706995255628817
0.0,9500.0,1.1868238913561442,0.0011140944737825233,7.097895892468457
0.0,9500.0,1.2217304763960306,0.001017143343566489,6.480220241862101
0.0,9500.0,1.2566370614359172,0.0009189633500413317,5.854715503113324
0.0,9500.0,1.2915436464758039,0.0008196732222428425,5.2221380989091495
0.0,9500.0,1.3264502315156905,0.0007193929947072575,4.583252769279937
0.0,9500.0,1.361356816555577,0.0006182438676572016,3.9388316808440313
0.0,9500.0,1.3962634015954636,0.0005163480636728518,3.289653513659739
0.0,9500.0,1.4311699866353502,0.0004138286832270715,2.6365025408396727
0.0,9500.0,1.4660765716752369,0.0003108095598423689,1.9801677057557323
0.0,9500.0,1.5009831567151235,0.0002074151146417353,1.3214416953824957
0.0,9500.0,1.53588974175501,0.00010377020802846662,0.6611199953493608
0.0,10000.0,0.3490658503988659,0.002946733820802652,18.773641172333697
0.0,10000.0,0.3839724354387525,0.0029072113699122686,18.52184363771106
0.0,10000.0,0.4188790204786391,0.002864159475649123,18.247560019360563
0.0,10000.0,0.4537856055185257,0.002817631453294494,17.951129988939222
0.0,10000.0,0.4886921905584123,0.0027676847875705043,17.632919781611683
0.0,10000.0,0.5235987755982988,0.002714381058955695,17.293321726606735
0.0,10000.0,0.5585053606381855,0.0026577858653909323,16.93275374840563
0.0,10000.0,0.5934119456780721,0.002597968738592719,16.551658833574212
0.0,10000.0,0.6283185307179586,0.0025350030575654182,16.15050447974928
0.0,10000.0,0.6632251157578453,0.0024689659557851806,15.729782104307386
0.0,10000.0,0.6981317007977318,0.002399938225776666,15.290006436423138
0.0,10000.0,0.7330382858376184,0.0023280042193894583,14.831714881730239
0.0,10000.0,0.767944870877505,0.002253251743090901,14.355466855232129
0.0,10000.0,0.8028514559173916,0.0021757719508677304,13.86184309897831
0.0,10000.0,0.8377580409572782,0.002095659232466095,13.351444970041491
0.0,10000.0,0.8726646259971648,0.0020130110987330798,12.824893710028451
0.0,10000.0,0.9075712110370514,0.0019279280630958525,12.282829689983677
0.0,10000.0,0.9424777960769379,0.0018405135201178555,11.725911636670856
0.0,10000.0,0.9773843811168246,0.001750873621169352,11.154815840469942
0.0,10000.0,1.0122909661567112,0.0016591171459886087,10.570235337093425
0.0,10000.0,1.0471975511965976,0.0015653553732566784,9.972879083018299
0.0,10000.0,1.0821041362364843,0.0014697019462166128,9.36347109934604
0.0,10000.0,1.117010721276371,0.0013722727393066735,8.742749622122817
0.0,10000.0,1.1519173063162575,0.0012731857173993264,8.111466205551109
0.0,10000.0,1.1868238913561442,0.0011725607982344475,7.470384845551665
0.0,10000.0,1.2217304763960306,0.0010705197087943665,6.820281064728909
0.0,10000.0,1.2566370614359172,0.0009671858409913268,6.161940992955743
0.0,10000.0,1.2915436464758039,0.0008626841067610936,5.496160444174928
0.0,10000.0,1.3264502315156905,0.0007571407911214049,4.823743980234471
0.0,10000.0,1.361356816555577,0.0006506833998958203,4.145503940736271
0.0,10000.0,1.3962634015954636,0.0005434405154901456,3.462259524187718
0.0,10000.0,1.4311699866353502,0.0004355416389641816,2.774835781840801
0.0,10000.0,1.4660765716752369,0.00032711704468358927,2.084062691679147
0.0,10000.0,1.5009831567151235,0.00021829762086803513,1.3907741425502518
0.0,10000.0,1.53588974175501,0.00010921471840277557,0.6958069709440831
0.0,10500.0,0.3490658503988659,0.0030939036801733008,19.7112603463841
0.0,10500.0,0.3839724354387525,0.0030523917921163575,19.446788107573312
0.0,10500.0,0.4188790204786391,0.003007174868779474,19.158711088994032
0.0,10500.0,0.4537856055185257,0.002958308951178036,18.847386327955267
0.0,10500.0,0.4886921905584123,0.0029058544536597016,18.51319872426596
0.0,10500.0,0.5235987755982988,0.002849876086202151,18.156560545193905
0.0,10500.0,0.5585053606381855,0.002790442771679846,17.777910898372298
0.0,10500.0,0.5934119456780721,0.002727627558997632,17.377715178373915
0.0,10500.0,0.6283185307179586,0.002661507530031171,16.95646447382859
0.0,10500.0,0.6632251157578453,0.0025921637041788678,16.514674959323564
0.0,10500.0,0.6981317007977318,0.0025196809368002743,16.052887248354548
0.0,10500.0,0.7330382858376184,0.002444147813980081,15.571665722867095
0.0,10500.0,0.767944870877505,0.0023656565440655698,15.071597842241745
0.0,10500.0,0.8028514559173916,0.0022843028437044425,14.553293417241003
0.0,10500.0,0.8377580409572782,0.0022001858214902867,14.017383868714616
0.0,10500.0,0.8726646259971648,0.0021134078567536306,13.46452145537738
0.0,10500.0,0.9075712110370514,0.0020240744756754706,12.895378484528422
0.0,10500.0,0.9424777960769379,0.0019322942237933135,12.3106464997872
0.0,10500.0,0.9773843811168246,0.0018381785348963028,11.711035445824345
0.0,10500.0,1.0122909661567112,0.0017418415980115416,11.097272820931533
0.0,10500.0,1.0471975511965976,0.001643400218819028,10.470102794096027
0.0,10500.0,1.0821041362364843,0.0015429736825248429,9.830285331365774
0.0,10500.0,1.117010721276371,0.0014406836097921804,9.178595277985982
0.0,10500.0,1.1519173063162575,0.0013366538131925857,8.515821443849964
0.0,10500.0,1.1868238913561442,0.0012310101492459286,7.842765660845811
0.0,10500.0,1.2217304763960306,0.0011238803706528164,7.160241841429094
0.0,10500.0,1.2566370614359172,0.001015393974815477,6.469075013549404
0.0,10500.0,1.2915436464758039,0.0009056820504458873,5.770100343390748
0.0,10500.0,1.3264502315156905,0.0007948771232158717,5.064162152008318
0.0,10500.0,1.361356816555577,0.0006831130019525077,4.352112935439426
0.0,10500.0,1.3962634015954636,0.0005705246174515713,3.6348123377839605
0.0,10500.0,1.4311699866353502,0.0004572478671622198,2.913126161690502
0.0,10500.0,1.4660765716752369,0.0003434194540046611,2.187925341463696
0.0,10500.0,1.5009831567151235,0.00022917672875060144,1.4600849388700816
0.0,10500.0,1.53588974175501,0.00011465752396835217,0.7304830852023716
500000.0,0.0,0.3490658503988659,0.0,0.0
500000.0,0.0,0.3839724354387525,0.0,0.0
500000.0,0.0,0.4188790204786391,0.0,0.0
500000.0,0.0,0.4537856055185257,0.0,0.0
500000.0,0.0,0.4886921905584123,0.0,0.0
500000.0,0.0,0.5235987755982988,0.0,0.0
500000.0,0.0,0.5585053606381855,0.0,0.0
500000.0,0.0,0.5934119456780721,0.0,0.0
500000.0,0.0,0.6283185307179586,0.0,0.0
500000.0,0.0,0.6632251157578453,0.0,0.0
500000.0,0.0,0.6981317007977318,0.0,0.0
500000.0,0.0,0.7330382858376184,0.0,0.0
500000.0,0.0,0.767944870877505,0.0,0.0
500000.0,0.0,0.8028514559173916,0.0,0.0
500000.0,0.0,0.8377580409572782,0.0,0.0
500000.0,0.0,0.8726646259971648,0.0,0.0
500000.0,0.0,0.9075712110370514,0.0,0.0
500000.0,0.0,0.9424777960769379,0.0,0.0
500000.0,0.0,0.9773843811168246,0.0,0.0
500000.0,0.0,1.0122909661567112,0.0,0.0
500000.0,0.0,1.0471975511965976,0.0,0.0
500000.0,0.0,1.0821041362364843,0.0,0.0
500000.0,0.0,1.117010721276371,0.0,0.0
500000.0,0.0,1.1519173063162575,0.0,0.0
500000.0,0.0,1.1868238913561442,0.0,0.0
500000.0,0.0,1.2217304763960306,0.0,0.0
500000.0,0.0,1.2566370614359172,0.0,0.0
500000.0,0.0,1.2915436464758039,0.0,0.0
500000.0,0.0,1.3264502315156905,0.0,0.0
500000.0,0.0,1.361356816555577,0.0,0.0
500000.0,0.0,1.3962634015954636,0.0,0.0
500000.0,0.0,1.4311699866353502,0.0,0.0
500000.0,0.0,1.4660765716752369,0.0,0.0
500000.0,0.0,1.5009831567151235,0.0,0.0
500000.0,0.0,1.53588974175501,0.0,0.0
500000.0,500.0,0.3490658503988659,0.02595010166706173,165.32809772085025
500000.0,500.0,0.3839724354387525,0.025739643898760496,163.98727127900312
500000.0,500.0,0.4188790204786391,0.025493417550048813,162.41856321136098
500000.0,500.0,0.4537856055185257,0.025211366596974885,160.621616589327
500000.0,500.0,0.4886921905584123,0.024893485810451775,158.59639809838825
500000.0,500.0,0.5235987755982988,0.024539818683496195,156.34318483255424
500000.0,500.0,0.5585053606381855,0.024150455389835377,153.86255128864119
500000.0,500.0,0.5934119456780721,0.02372553099904885,151.15535799494023
500000.0,500.0,0.6283185307179586,0.023265224219498414,148.22274350242438
500000.0,500.0,0.6632251157578453,0.022769756998205985,145.06612183557036
500000.0,500.0,0.6981317007977318,0.022239395366745407,141.68718788153498
500000.0,500.0,0.7330382858376184,0.02167445196503011,138.08793346920683
500000.0,500.0,0.767944870877505,0.021013408234070306,133.8764238592619
500000.0,500.0,0.8028514559173916,0.02038558704446566,129.87657506029072
500000.0,500.0,0.8377580409572782,0.01972463251721726,125.66563376719118
500000.0,500.0,0.8726646259971648,0.019031014010165465,121.24659025876417
500000.0,500.0,0.9075712110370514,0.018305278965686907,116.62293229039129
500000.0,500.0,0.9424777960769379,0.01750014039649121,111.49339446604549
500000.0,500.0,0.9773843811168246,0.016718731205347823,106.51503650927098
500000.0,500.0,1.0122909661567112,0.015907212413330193,101.34485028532667
500000.0,500.0,1.0471975511965976,0.015026611028521585,95.73453886271102
500000.0,500.0,1.0821041362364843,0.014164630427027671,90.24286045059328
500000.0,500.0,1.117010721276371,0.013239009568911409,84.34572996353458
500000.0,500.0,1.1519173063162575,0.0123304517281004,78.55730795972765
500000.0,500.0,1.1868238913561442,0.011365765242449423,72.41129035964528
500000.0,500.0,1.2217304763960306,0.010414722947684935,66.35219989970072
500000.0,500.0,1.2566370614359172,0.009416621468543829,59.99329537609273
500000.0,500.0,1.2915436464758039,0.008404071390948413,53.54233883173234
500000.0,500.0,1.3264502315156905,0.007401599814128327,47.155592415811576
500000.0,500.0,1.361356816555577,0.006364268998949587,40.54675779230782
500000.0,500.0,1.3962634015954636,0.005317479778062717,33.87766366603756
500000.0,500.0,1.4311699866353502,0.004262977689430084,27.159430859359063
500000.0,500.0,1.4660765716752369,0.0032117255859080967,20.461903707820486
500000.0,500.0,1.5009831567151235,0.0021437879875230805,13.658073268509547
500000.0,500.0,1.53588974175501,0.0010726816393629313,6.834054724381235
500000.0,1000.0,0.3490658503988659,0.0553496763750157,352.632788185225
500000.0,1000.0,0.3839724354387525,0.05516497014661458,351.4560248040815
500000.0,1000.0,0.4188790204786391,0.05489350919463049,349.72654707899085
500000.0,1000.0,0.4537856055185257,0.05453432725075426,347.43819891455536
500000.0,1000.0,0.4886921905584123,0.05408672842559743,344.58654679948125
500000.0,1000.0,0.5235987755982988,0.05355025430473498,341.16867017546656
500000.0,1000.0,0.5585053606381855,0.052924642344441206,337.18289637643494
500000.0,1000.0,0.5934119456780721,0.052352044344708235,333.53487452013616
500000.0,1000.0,0.6283185307179586,0.05154583295137397,328.3985017332036
500000.0,1000.0,0.6632251157578453,0.050648751456967615,322.6831955323407
500000.0,1000.0,0.6981317007977318,0.049660848629841256,316.3892666207186
500000.0,1000.0,0.7330382858376184,0.04845834372486235,308.728107871098
500000.0,1000.0,0.767944870877505,0.047297771405724325,301.33410162586966
500000.0,1000.0,0.8028514559173916,0.04604814144097787,293.37270912047006
500000.0,1000.0,0.8377580409572782,0.04470942093700004,284.84372078962724
500000.0,1000.0,0.8726646259971648,0.04328162923653956,275.7472598659935
500000.0,1000.0,0.9075712110370514,0.041669226065750464,265.4746392648962
500000.0,1000.0,0.9424777960769379,0.04007983294230355,255.34861567541594
500000.0,1000.0,0.9773843811168246,0.03831355149952053,244.0956366034453
500000.0,1000.0,1.0122909661567112,0.036567516060569884,232.97164482189072
500000.0,1000.0,1.0471975511965976,0.034659957996510025,220.81859239576536
500000.0,1000.0,1.0821041362364843,0.03268483643987736,208.23509295845864
500000.0,1000.0,1.117010721276371,0.03072279886401348,195.7349515626299
500000.0,1000.0,1.1519173063162575,0.028623126891522074,182.35794142588713
500000.0,1000.0,1.1868238913561442,0.026466225936216142,168.61632543963304
500000.0,1000.0,1.2217304763960306,0.02425560770907914,154.5324767145432
500000.0,1000.0,1.2566370614359172,0.0219945368819605,140.12719447497034
500000.0,1000.0,1.2915436464758039,0.019641131999077986,125.13365196612585
500000.0,1000.0,1.3264502315156905,0.017297748779882348,110.20395747663045
500000.0,1000.0,1.361356816555577,0.014913583001123032,95.01443730015484
500000.0,1000.0,1.3962634015954636,0.012465242309483584,79.41605875371992
500000.0,1000.0,1.4311699866353502,0.010019680764801857,63.83538615255263
500000.0,1000.0,1.4660765716752369,0.0075293336131573825,47.96938444942568
500000.0,1000.0,1.5009831567151235,0.0050262708680395415,32.02237170027992
500000.0,1000.0,1.53588974175501,0.002515103121033341,16.023721984103418
500000.0,1500.0,0.3490658503988659,0.08873491830382631,565.3301645136773
500000.0,1500.0,0.3839724354387525,0.08903638061495692,567.2507808978905
500000.0,1500.0,0.4188790204786391,0.08896852168059619,566.8184516270784
500000.0,1500.0,0.4537856055185257,0.08895661501930972,566.7425942880222
500000.0,1500.0,0.4886921905584123,0.08857255684523566,564.2957596609964
500000.0,1500.0,0.5235987755982988,0.08822901911601636,562.1070807881401
500000.0,1500.0,0.5585053606381855,0.08751798751916605,557.577098484607
500000.0,1500.0,0.5934119456780721,0.08663146169093258,551.9290424329315
500000.0,1500.0,0.6283185307179586,0.08577944033136005,546.5008143510948
500000.0,1500.0,0.6632251157578453,0.08455822279422784,538.7204374220256
500000.0,1500.0,0.6981317007977318,0.08316378790763279,529.8364927595286
500000.0,1500.0,0.7330382858376184,0.08159830405800897,519.8627951535751
500000.0,1500.0,0.767944870877505,0.07986377557696132,508.81211420082064
500000.0,1500.0,0.8028514559173916,0.07796172640333454,496.6941589156443
500000.0,1500.0,0.8377580409572782,0.07589299394085502,483.5142643971874
500000.0,1500.0,0.8726646259971648,0.07365764146535263,469.27283377576157
500000.0,1500.0,0.9075712110370514,0.07125504347052489,453.96588195071405
500000.0,1500.0,0.9424777960769379,0.06854819584359044,436.72055571951466
500000.0,1500.0,0.9773843811168246,0.06583522668483247,419.4362292090677
500000.0,1500.0,1.0122909661567112,0.06283626715868058,400.32985806795404
500000.0,1500.0,1.0471975511965976,0.059697302124913296,380.33151183782263
500000.0,1500.0,1.0821041362364843,0.056426757328309256,359.49487093865827
500000.0,1500.0,1.117010721276371,0.05303115192895248,337.86146893935626
500000.0,1500.0,1.1519173063162575,0.0495152204084874,315.4614692224732
500000.0,1500.0,1.1868238913561442,0.04588232850660366,292.3163149155719
500000.0,1500.0,1.2217304763960306,0.04213516313053594,268.44312430464447
500000.0,1500.0,1.2566370614359172,0.03820931109477294,243.4315209847984
500000.0,1500.0,1.2915436464758039,0.03419818100073576,217.8766111556875
500000.0,1500.0,1.3264502315156905,0.03011201308799361,191.8436353836073
500000.0,1500.0,1.361356816555577,0.0259588499920645,165.38383329944293
500000.0,1500.0,1.3962634015954636,0.021745141364709755,138.53829563456586
500000.0,1500.0,1.4311699866353502,0.01747662340973299,111.34356774340888
500000.0,1500.0,1.4660765716752369,0.013159341388848302,83.83816398835253
500000.0,1500.0,1.5009831567151235,0.008785816395026994,55.97443625271698
500000.0,1500.0,1.53588974175501,0.004396583436214278,28.010633072121166
500000.0,2000.0,0.3490658503988659,0.12734131028814274,811.2914878457574
500000.0,2000.0,0.3839724354387525,0.12823327707502422,816.9742082449793
500000.0,2000.0,0.4188790204786391,0.12888088039751722,821.1000890125822
500000.0,2000.0,0.4537856055185257,0.12927525992825054,823.6126810028842
500000.0,2000.0,0.4886921905584123,0.12940860099562573,824.4621969431315
500000.0,2000.0,0.5235987755982988,0.12927399250502378,823.6046062495064
500000.0,2000.0,0.5585053606381855,0.128865162158629,820.9999481126254
500000.0,2000.0,0.5934119456780721,0.1281761211669962,816.6100679549328
500000.0,2000.0,0.6283185307179586,0.12720077708476363,810.3961508070291
500000.0,2000.0,0.6632251157578453,0.1259326199155159,802.3167214817519
500000.0,2000.0,0.6981317007977318,0.12413463553062722,790.861762965626
500000.0,2000.0,0.7330382858376184,0.12229660600275977,779.1516768435824
500000.0,2000.0,0.767944870877505,0.11993077195689536,764.0789481373803
500000.0,2000.0,0.8028514559173916,0.11750951650755381,748.6531296696253
500000.0,2000.0,0.8377580409572782,0.11458880844089893,730.0452985769671
500000.0,2000.0,0.8726646259971648,0.11139183213819424,709.6773625524355
500000.0,2000.0,0.9075712110370514,0.1079235774307602,687.5811118113733
500000.0,2000.0,0.9424777960769379,0.10399730833038053,662.5668513728543
500000.0,2000.0,0.9773843811168246,0.10002178241597894,637.2387757722018
500000.0,2000.0,1.0122909661567112,0.09560744179900259,609.1150117014455
500000.0,2000.0,1.0471975511965976,0.09113701417954431,580.6339173378768
500000.0,2000.0,1.0821041362364843,0.086270421746229,549.6288569452249
500000.0,2000.0,1.117010721276371,0.08118781345434747,517.2475595176478
500000.0,2000.0,1.1519173063162575,0.07577072761593462,482.7353056411195
500000.0,2000.0,1.1868238913561442,0.07030035967415235,447.88359148402463
500000.0,2000.0,1.2217304763960306,0.06453126898239518,411.1287146868397
500000.0,2000.0,1.2566370614359172,0.058605044151248946,373.37273628760704
500000.0,2000.0,1.2915436464758039,0.052533596809789446,334.69154527516855
500000.0,2000.0,1.3264502315156905,0.04632481273176032,295.13538191404496
500000.0,2000.0,1.361356816555577,0.03992640530278023,254.37112818401283
500000.0,2000.0,1.3962634015954636,0.03343399952251004,213.00801095791147
500000.0,2000.0,1.4311699866353502,0.0268623119745473,171.13978958984086
500000.0,2000.0,1.4660765716752369,0.020222158576132746,128.83537228854172
500000.0,2000.0,1.5009831567151235,0.013523230324166725,86.1565003952662
500000.0,2000.0,1.53588974175501,0.006767681233193171,43.116897136673686
500000.0,2500.0,0.3490658503988659,0.1723866614563738,1098.2754201385574
500000.0,2500.0,0.3839724354387525,0.17447876706604082,1111.604224977746
500000.0,2500.0,0.4188790204786391,0.17619975718234826,1122.568653008741
500000.0,2500.0,0.4537856055185257,0.17753264623453385,1131.0604891602152
500000.0,2500.0,0.4886921905584123,0.17846126499442885,1136.9767192795061
500000.0,2500.0,0.5235987755982988,0.1789701245011014,1140.218663196517
500000.0,2500.0,0.5585053606381855,0.17875226092789123,1138.830654371595
500000.0,2500.0,0.5934119456780721,0.17841380505717658,1136.674352019272
500000.0,2500.0,0.6283185307179586,0.17731871564519777,1129.697537375555
500000.0,2500.0,0.6632251157578453,0.1760996212571474,1121.930687029286
500000.0,2500.0,0.6981317007977318,0.17413205013220648,1109.3952913922874
500000.0,2500.0,0.7330382858376184,0.17172177853736229,1094.0394510615351
500000.0,2500.0,0.767944870877505,0.16887596865369758,1075.9087962927074
500000.0,2500.0,0.8028514559173916,0.16559621231546487,1055.0134686618267
500000.0,2500.0,0.8377580409572782,0.1618773004236057,1031.320280998792
500000.0,2500.0,0.8726646259971648,0.15749058080380657,1003.3724903010517
500000.0,2500.0,0.9075712110370514,0.15269362495964336,972.8110846178879
500000.0,2500.0,0.9424777960769379,0.14750746199278683,939.7700403560449
500000.0,2500.0,0.9773843811168246,0.14194182926701768,904.3113942601695
500000.0,2500.0,1.0122909661567112,0.1359951990068723,866.4254128727833
500000.0,2500.0,1.0471975511965976,0.12949378076034346,825.0048772241481
500000.0,2500.0,1.0821041362364843,0.12265957357012906,781.4641432152922
500000.0,2500.0,1.117010721276371,0.11550900015224108,735.9078399699279
500000.0,2500.0,1.1519173063162575,0.10788706228647375,687.3484738271243
500000.0,2500.0,1.1868238913561442,0.10015997179953627,638.1191803348455
500000.0,2500.0,1.2217304763960306,0.09201557096642358,586.2312026270847
500000.0,2500.0,1.2566370614359172,0.08350547153726072,532.013359163888
500000.0,2500.0,1.2915436464758039,0.07492137551294166,477.3240833929513
500000.0,2500.0,1.3264502315156905,0.06602620406655996,420.65294610805347
500000.0,2500.0,1.361356816555577,0.05696666977492927,362.93465313607436
500000.0,2500.0,1.3962634015954636,0.04775542242798438,304.2497962886885
500000.0,2500.0,1.4311699866353502,0.03835645462659842,244.36897242605852
500000.0,2500.0,1.4660765716752369,0.02886482247909663,183.89778401432463
500000.0,2500.0,1.5009831567151235,0.01929738783222842,122.94365787912726
500000.0,2500.0,1.53588974175501,0.009656663099795277,61.52260060879571
500000.0,3000.0,0.3490658503988659,0.22612680226292203,1440.6538572170762
500000.0,3000.0,0.3839724354387525,0.2297949186371451,1464.0234266372513
500000.0,3000.0,0.4188790204786391,0.23292110194014348,1483.9403404606542
500000.0,3000.0,0.4537856055185257,0.2354765971173046,1500.2214002343474
500000.0,3000.0,0.4886921905584123,0.23743614765056367,1512.705696681741
500000.0,3000.0,0.5235987755982988,0.23877712132375364,1521.2490399536343
500000.0,3000.0,0.5585053606381855,0.23914561590475067,1523.5967189291664
500000.0,3000.0,0.5934119456780721,0.23922762135859252,1524.119175675593
500000.0,3000.0,0.6283185307179586,0.23829970564145156,1518.2074246416878
500000.0,3000.0,0.6632251157578453,0.23707891847879842,1510.4297896284247
500000.0,3000.0,0.6981317007977318,0.23486521776976596,1496.3263024111789
500000.0,3000.0,0.7330382858376184,0.23200229754204635,1478.0866376403774
500000.0,3000.0,0.767944870877505,0.2281745162364742,1453.699842942577
500000.0,3000.0,0.8028514559173916,0.2240620399259988,1427.4992563685385
500000.0,3000.0,0.8377580409572782,0.2190131929080246,1395.3330520170248
500000.0,3000.0,0.8726646259971648,0.21337247961676575,1359.3960676384147
500000.0,3000.0,0.9075712110370514,0.207148707336193,1319.7444144388855
500000.0,3000.0,0.9424777960769379,0.20009455789369404,1274.8024283407246
500000.0,3000.0,0.9773843811168246,0.19250959317187072,1226.4786180979884
500000.0,3000.0,1.0122909661567112,0.18441914632607256,1174.934381243408
500000.0,3000.0,1.0471975511965976,0.17558938743232488,1118.6799873313416
500000.0,3000.0,1.0821041362364843,0.1665476106709348,1061.0748275845256
500000.0,3000.0,1.117010721276371,0.156629289852062,997.885205647487
500000.0,3000.0,1.1519173063162575,0.1465316572431141,933.5531882958799
500000.0,3000.0,1.1868238913561442,0.13585715960210928,865.5459638250383
500000.0,3000.0,1.2217304763960306,0.12483945634442399,795.3521763703253
500000.0,3000.0,1.2566370614359172,0.11334941230343984,722.1491057852153
500000.0,3000.0,1.2915436464758039,0.10158729768754865,647.2126735673725
500000.0,3000.0,1.3264502315156905,0.08957785676620132,570.7005254574685
500000.0,3000.0,1.361356816555577,0.07732627352814081,492.6456886477851
500000.0,3000.0,1.3962634015954636,0.06478195258812952,412.7258199389732
500000.0,3000.0,1.4311699866353502,0.05201018686542367,331.3569005196142
500000.0,3000.0,1.4660765716752369,0.03912285293853152,249.25169607138432
500000.0,3000.0,1.5009831567151235,0.026147876946091633,166.5881240235498
500000.0,3000.0,1.53588974175501,0.013100866044615305,83.4656175702441
500000.0,3500.0,0.3490658503988659,0.29071629637667895,1852.1535242158216
500000.0,3500.0,0.3839724354387525,0.2963547319990603,1888.0759975660133
500000.0,3500.0,0.4188790204786391,0.3016095525052929,1921.5544590112213
500000.0,3500.0,0.4537856055185257,0.3056216776803913,1947.115708501773
500000.0,3500.0,0.4886921905584123,0.309171668117387,1969.7326975758726
500000.0,3500.0,0.5235987755982988,0.3114351522410645,1984.1533549278217
500000.0,3500.0,0.5585053606381855,0.31278359579429577,1992.7442888054582
500000.0,3500.0,0.5934119456780721,0.3132118211887949,1995.4725127938125
500000.0,3500.0,0.6283185307179586,0.312707289186899,1992.2581394097335
500000.0,3500.0,0.6632251157578453,0.3109110534024174,1980.8143212268014
500000.0,3500.0,0.6981317007977318,0.30819525555368593,1963.511973132533
500000.0,3500.0,0.7330382858376184,0.30459249065332095,1940.5587579523078
500000.0,3500.0,0.767944870877505,0.300104956677578,1911.9686789928496
500000.0,3500.0,0.8028514559173916,0.29440458617201487,1875.6516185019068
500000.0,3500.0,0.8377580409572782,0.2878761660206416,1834.0590537175076
500000.0,3500.0,0.8726646259971648,0.2805336073326774,1787.2796123164878
500000.0,3500.0,0.9075712110370514,0.27211086691714087,1733.6183331291045
500000.0,3500.0,0.9424777960769379,0.26294334998162006,1675.2120827329015
500000.0,3500.0,0.9773843811168246,0.25278665595342514,1610.5037850792714
500000.0,3500.0,1.0122909661567112,0.2419700249155436,1541.5910287369281
500000.0,3500.0,1.0471975511965976,0.23053142761285791,1468.7157253215178
500000.0,3500.0,1.0821041362364843,0.21824030583639714,1390.4089884836862
500000.0,3500.0,1.117010721276371,0.20540873751012675,1308.6590666770176
500000.0,3500.0,1.1519173063162575,0.1918294164878972,1222.1452124443929
500000.0,3500.0,1.1868238913561442,0.17800508373462667,1134.0703884733066
500000.0,3500.0,1.2217304763960306,0.16335528278402986,1040.7365066170541
500000.0,3500.0,1.2566370614359172,0.14831844308950604,944.9368009232429
500000.0,3500.0,1.2915436464758039,0.1329375148325243,846.9449069980124
500000.0,3500.0,1.3264502315156905,0.11709385735713203,746.0049652222882
500000.0,3500.0,1.361356816555577,0.10098919490394048,643.4021607330048
500000.0,3500.0,1.3962634015954636,0.0846364060590504,539.2185430022101
500000.0,3500.0,1.4311699866353502,0.06798967031607259,433.1621895836985
500000.0,3500.0,1.4660765716752369,0.051126115835916426,325.7244839906236
500000.0,3500.0,1.5009831567151235,0.03415731062459898,217.6162259893201
500000.0,3500.0,1.53588974175501,0.01710861813223394,108.99900612046244
500000.0,4000.0,0.3490658503988659,0.3699130668832746,2356.716149113342
500000.0,4000.0,0.3839724354387525,0.37875884546929145,2413.0726044848557
500000.0,4000.0,0.4188790204786391,0.3864235312958184,2461.904317885659
500000.0,4000.0,0.4537856055185257,0.39246888107133776,2500.419241305493
500000.0,4000.0,0.4886921905584123,0.3972410599977573,2530.822793245711
500000.0,4000.0,0.5235987755982988,0.4007352490479671,2553.084271684598
500000.0,4000.0,0.5585053606381855,0.4029462449609498,2567.170526646211
500000.0,4000.0,0.5934119456780721,0.403848595571463,2572.919402385791
500000.0,4000.0,0.6283185307179586,0.40305948800345065,2567.891998069984
500000.0,4000.0,0.6632251157578453,0.4009950170314895,2554.7392535076197
500000.0,4000.0,0.6981317007977318,0.3972958362502243,2531.1717727501787
500000.0,4000.0,0.7330382858376184,0.3923914472655547,2499.925910528849
500000.0,4000.0,0.767944870877505,0.3863277150968095,2461.2938728817735
500000.0,4000.0,0.8028514559173916,0.37875309934525436,2413.035995928615
500000.0,4000.0,0.8377580409572782,0.3701063967296372,2357.9478535645185
500000.0,4000.0,0.8726646259971648,0.3600684429796924,2293.9960502236204
500000.0,4000.0,0.9075712110370514,0.3490675046538107,2223.909072149428
500000.0,4000.0,0.9424777960769379,0.3367884052178689,2145.678929643043
500000.0,4000.0,0.9773843811168246,0.3236709047958475,2062.1073344543443
500000.0,4000.0,1.0122909661567112,0.30973199490937303,1973.3025395676157
500000.0,4000.0,1.0471975511965976,0.29471398461379233,1877.6227959744708
500000.0,4000.0,1.0821041362364843,0.2787167844343564,1775.7046336312847
500000.0,4000.0,1.117010721276371,0.2620686844170051,1669.6395884207393
500000.0,4000.0,1.1519173063162575,0.24455613798056006,1558.067155074148
500000.0,4000.0,1.1868238913561442,0.22651944497845594,1443.1553839577427
500000.0,4000.0,1.2217304763960306,0.20797316572185046,1324.9970388139093
500000.0,4000.0,1.2566370614359172,0.18875257234858742,1202.5426384328503
500000.0,4000.0,1.2915436464758039,0.16895778505961234,1076.4300486147902
500000.0,4000.0,1.3264502315156905,0.14880963120247406,948.0661603909623
500000.0,4000.0,1.361356816555577,0.12820926935108734,816.8212550357774
500000.0,4000.0,1.3962634015954636,0.10735660144780299,683.9689078239528
500000.0,4000.0,1.4311699866353502,0.08617741115735882,549.036286483533
500000.0,4000.0,1.4660765716752369,0.06483688278176453,413.07578020262184
500000.0,4000.0,1.5009831567151235,0.04334374080121188,276.14297264452085
500000.0,4000.0,1.53588974175501,0.021682497250342513,138.13918998193213
500000.0,4500.0,0.3490658503988659,0.4702306237304742,2995.839303786851
500000.0,4500.0,0.3839724354387525,0.48217206438333726,3071.9182221862416
500000.0,4500.0,0.4188790204786391,0.49238214210317377,3136.9666273393204
500000.0,4500.0,0.4537856055185257,0.5008250795677452,3190.756581926105
500000.0,4500.0,0.4886921905584123,0.5074685541774249,3233.0821586643738
500000.0,4500.0,0.5235987755982988,0.5118298417209863,3260.867921604404
500000.0,4500.0,0.5585053606381855,0.5144000606481061,3277.2427863890834
500000.0,4500.0,0.5934119456780721,0.515182347987398,3282.226739027713
500000.0,4500.0,0.6283185307179586,0.5137917383328001,3273.3671649182693
500000.0,4500.0,0.6632251157578453,0.5103011445063079,3251.1285916496877
500000.0,4500.0,0.6981317007977318,0.505185296428616,3218.5355235467123
500000.0,4500.0,0.7330382858376184,0.4980843914983551,3173.2956582360202
500000.0,4500.0,0.767944870877505,0.48953517350991793,3118.8285904316867
500000.0,4500.0,0.8028514559173916,0.479150559584469,3052.668215112652
500000.0,4500.0,0.8377580409572782,0.4674868724871445,2978.3588646155977
500000.0,4500.0,0.8726646259971648,0.4541624742891664,2893.4691236962794
500000.0,4500.0,0.9075712110370514,0.43968771455433275,2801.250429425654
500000.0,4500.0,0.9424777960769379,0.42374236681867217,2699.66261900176
500000.0,4500.0,0.9773843811168246,0.40643476962927083,2589.395917308085
500000.0,4500.0,1.0122909661567112,0.38819872230279073,2473.2140597910798
500000.0,4500.0,1.0471975511965976,0.3687631024651773,2349.3897258056445
500000.0,4500.0,1.0821041362364843,0.34853029810481767,2220.486529225793
500000.0,4500.0,1.117010721276371,0.3272671392871987,2085.018944398743
500000.0,4500.0,1.1519173063162575,0.3050677557840294,1943.5866721000514
500000.0,4500.0,1.1868238913561442,0.2822721695144974,1798.355991976863
500000.0,4500.0,1.2217304763960306,0.25868488796841005,1648.0814212467405
500000.0,4500.0,1.2566370614359172,0.23461561492880365,1494.736082711408
500000.0,4500.0,1.2915436464758039,0.2099030697868942,1337.2924576123028
500000.0,4500.0,1.3264502315156905,0.1846338710388835,1176.3023923887267
500000.0,4500.0,1.361356816555577,0.1590553401106761,1013.3415718451174
500000.0,4500.0,1.3962634015954636,0.13316879456127662,848.4183901498934
500000.0,4500.0,1.4311699866353502,0.10683395156457139,680.6391054178843
500000.0,4500.0,1.4660765716752369,0.0803259663088921,511.75673135395164
500000.0,4500.0,1.5009831567151235,0.053672672449972626,341.9485961787756
500000.0,4500.0,1.53588974175501,0.026867844592495138,171.1750378987865
500000.0,5000.0,0.3490658503988659,0.5995644614665183,3819.8251840031885
500000.0,5000.0,0.3839724354387525,0.6155108329813664,3921.4195169242857
500000.0,5000.0,0.4188790204786391,0.6288844259040037,4006.6226774344077
500000.0,5000.0,0.4537856055185257,0.639211031810327,4072.4134836635935
500000.0,5000.0,0.4886921905584123,0.6464838347242454,4118.748511028168
500000.0,5000.0,0.5235987755982988,0.6512388885149553,4149.04295872878
500000.0,5000.0,0.5585053606381855,0.6535343681113008,4163.667459237097
500000.0,5000.0,0.5934119456780721,0.6525515591745081,4157.405983500791
500000.0,5000.0,0.6283185307179586,0.6493148341162989,4136.78480815494
500000.0,5000.0,0.6632251157578453,0.6434670482266743,4099.528564252142
500000.0,5000.0,0.6981317007977318,0.635640133977967,4049.6632935736284
500000.0,5000.0,0.7330382858376184,0.6254467809389868,3984.7214413622846
500000.0,5000.0,0.767944870877505,0.6130502886566015,3905.743389031208
500000.0,5000.0,0.8028514559173916,0.5985670710044446,3813.4708093693166
500000.0,5000.0,0.8377580409572782,0.5825734673689835,3711.575560607794
500000.0,5000.0,0.8726646259971648,0.5647377834662959,3597.9444184637714
500000.0,5000.0,0.9075712110370514,0.5451933559269326,3473.4268706104876
500000.0,5000.0,0.9424777960769379,0.5244450076334866,3341.2391436329426
500000.0,5000.0,0.9773843811168246,0.5022019775111506,3199.52879872354
500000.0,5000.0,1.0122909661567112,0.47860485709874384,3049.191544576097
500000.0,5000.0,1.0471975511965976,0.45374065211367853,2890.781694616246
500000.0,5000.0,1.0821041362364843,0.428044914812215,2727.074152268622
500000.0,5000.0,1.117010721276371,0.4012681362581839,2556.4792961008898
500000.0,5000.0,1.1519173063162575,0.3734985041805609,2379.558970134354
500000.0,5000.0,1.1868238913561442,0.34515335252836604,2198.97200895822
500000.0,5000.0,1.2217304763960306,0.31597649179612014,2013.0862292330814
500000.0,5000.0,1.2566370614359172,0.28629467655600443,1823.9833843383042
500000.0,5000.0,1.2915436464758039,0.2557613622217285,1629.4556387146324
500000.0,5000.0,1.3264502315156905,0.22486545974030514,1432.6178440054841
500000.0,5000.0,1.361356816555577,0.19363467299500334,1233.6465016511663
500000.0,5000.0,1.3962634015954636,0.16183532593166033,1031.052861510608
500000.0,5000.0,1.4311699866353502,0.12983073109385626,827.1515877989583
500000.0,5000.0,1.4660765716752369,0.09763537836470117,622.0349955615111
500000.0,5000.0,1.5009831567151235,0.06515588563664224,415.1081473910477
500000.0,5000.0,1.53588974175501,0.032607907526889225,207.74497885381126
500000.0,5500.0,0.3490658503988659,0.7725087035413315,4921.652950261823
500000.0,5500.0,0.3839724354387525,0.7920840287916298,5046.367347431474
500000.0,5500.0,0.4188790204786391,0.8069294837999789,5140.947741289665
500000.0,5500.0,0.4537856055185257,0.8180289194189493,5211.662245618127
500000.0,5500.0,0.4886921905584123,0.8250698250155354,5256.519855173976
500000.0,5500.0,0.5235987755982988,0.8282342680892333,5276.680521996505
500000.0,5500.0,0.5585053606381855,0.8277245588585151,5273.4331644876
500000.0,5500.0,0.5934119456780721,0.8232571176029259,5244.97109624824
500000.0,5500.0,0.6283185307179586,0.8165406638688092,5202.180569508184
500000.0,5500.0,0.6632251157578453,0.8062992267587954,5136.932373680285
500000.0,5500.0,0.6981317007977318,0.7932381757860523,5053.720417932939
500000.0,5500.0,0.7330382858376184,0.7775535100350546,4953.793412433332
500000.0,5500.0,0.767944870877505,0.7594218084391708,4838.276341565957
500000.0,5500.0,0.8028514559173916,0.7395156577259167,4711.454255371815
500000.0,5500.0,0.8377580409572782,0.717056864102016,4568.369281193944
500000.0,5500.0,0.8726646259971648,0.6931490160006497,4416.052380940139
500000.0,5500.0,0.9075712110370514,0.6674501482380276,4252.324894424474
500000.0,5500.0,0.9424777960769379,0.6401144115907853,4078.1689162448934
500000.0,5500.0,0.9773843811168246,0.611262695989931,3894.35463615185
500000.0,5500.0,1.0122909661567112,0.581465562478645,3704.5170985514474
500000.0,5500.0,1.0471975511965976,0.5503537753702658,3506.303902883963
500000.0,5500.0,1.0821041362364843,0.5180879228743899,3300.7381566327376
500000.0,5500.0,1.117010721276371,0.4847869364094041,3088.5775718643135
500000.0,5500.0,1.1519173063162575,0.45053695272768723,2870.3709258280956
500000.0,5500.0,1.1868238913561442,0.4157053041429832,2648.458492694946
500000.0,5500.0,1.2217304763960306,0.3800832381683152,2421.510310370336
500000.0,5500.0,1.2566370614359172,0.3437798763317733,2190.2215921097277
500000.0,5500.0,1.2915436464758039,0.30687338671527226,1955.0903467629996
500000.0,5500.0,1.3264502315156905,0.26961321565445767,1717.7057969345499
500000.0,5500.0,1.361356816555577,0.23172308553701085,1476.3077779562961
500000.0,5500.0,1.3962634015954636,0.1937555426080361,1234.416561955798
500000.0,5500.0,1.4311699866353502,0.1553218931479699,989.5557812457163
500000.0,5500.0,1.4660765716752369,0.11671768635350153,743.6083797581582
500000.0,5500.0,1.5009831567151235,0.07786364815581856,496.06930240072006
500000.0,5500.0,1.53588974175501,0.03895624409365617,248.19023112068342
500000.0,6000.0,0.3490658503988659,1.011458936034001,6444.004881472621
500000.0,6000.0,0.3839724354387525,1.0312617538148081,6570.168633554143
500000.0,6000.0,0.4188790204786391,1.0450524074274181,6658.028887720081
500000.0,6000.0,0.4537856055185257,1.0532609165384181,6710.325299266262
500000.0,6000.0,0.4886921905584123,1.0558439698540694,6726.781931940276
500000.0,6000.0,0.5235987755982988,1.0531773794529637,6709.793084494832
500000.0,6000.0,0.5585053606381855,1.0467284506400876,6668.706959027998
500000.0,6000.0,0.5934119456780721,1.035824128216196,6599.235520865384
500000.0,6000.0,0.6283185307179586,1.0213293026941406,6506.888987464369
500000.0,6000.0,0.6632251157578453,1.0030848362867706,6390.653491983015
500000.0,6000.0,0.6981317007977318,0.9823912940819469,6258.814934596084
500000.0,6000.0,0.7330382858376184,0.9585078336313437,6106.653408065291
500000.0,6000.0,0.767944870877505,0.9321516638848564,5938.7382506104195
500000.0,6000.0,0.8028514559173916,0.9041253719967273,5760.18274499115
500000.0,6000.0,0.8377580409572782,0.8735630165364215,5565.469978353542
500000.0,6000.0,0.8726646259971648,0.8416074055011163,5361.880780447613
500000.0,6000.0,0.9075712110370514,0.8075639138760747,5144.989695304472
500000.0,6000.0,0.9424777960769379,0.7723882628342309,4920.885622516886
500000.0,6000.0,0.9773843811168246,0.7354518527999997,4685.563754188798
500000.0,6000.0,1.0122909661567112,0.6976533704472615,4444.749623119504
500000.0,6000.0,1.0471975511965976,0.6586968177571002,4196.557425930485
500000.0,6000.0,1.0821041362364843,0.618706580397853,3941.7796237147213
500000.0,6000.0,1.117010721276371,0.5777855345171585,3681.0716404088166
500000.0,6000.0,1.1519173063162575,0.5360139898056506,3414.9451290518004
500000.0,6000.0,1.1868238913561442,0.4938024201971321,3146.0152190759286
500000.0,6000.0,1.2217304763960306,0.4506092055874235,2870.8312487974754
500000.0,6000.0,1.2566370614359172,0.40711259529166643,2593.714344603207
500000.0,6000.0,1.2915436464758039,0.36306468234421724,2313.085091215008
500000.0,6000.0,1.3264502315156905,0.3185467088546496,2029.4610821129725
500000.0,6000.0,1.361356816555577,0.2738134464043334,1744.4654670420082
500000.0,6000.0,1.3962634015954636,0.22857556769838108,1456.254941806386
500000.0,6000.0,1.4311699866353502,0.18319635228545506,1167.143960410634
500000.0,6000.0,1.4660765716752369,0.13758095100993462,876.5282388842935
500000.0,6000.0,1.5009831567151235,0.09180125343638382,584.8657856432013
500000.0,6000.0,1.53588974175501,0.04591962429503173,292.55392638364714
500000.0,6500.0,0.3490658503988659,1.3507853050927865,8605.853178746143
500000.0,6500.0,0.3839724354387525,1.3627043154862302,8681.789193962773
500000.0,6500.0,0.4188790204786391,1.3671152211139888,8709.891073717221
500000.0,6500.0,0.4537856055185257,1.3640094760539356,8690.104371939624
500000.0,6500.0,0.4886921905584123,1.354680816559571,8630.671482301026
500000.0,6500.0,0.5235987755982988,1.3398293083714718,8536.052523634648
500000.0,6500.0,0.5585053606381855,1.320649636898781,8413.858836682133
500000.0,6500.0,0.5934119456780721,1.2970918581077655,8263.772228004575
500000.0,6500.0,0.6283185307179586,1.2701770601706048,8092.298050346923
500000.0,6500.0,0.6632251157578453,1.2397280428605915,7898.307361064828
500000.0,6500.0,0.6981317007977318,1.2071745578323412,7690.909107949846
500000.0,6500.0,0.7330382858376184,1.1712297536312808,7461.90476038489
500000.0,6500.0,0.767944870877505,1.1337400193071412,7223.057663005797
500000.0,6500.0,0.8028514559173916,1.0943676598663696,6972.216361008641
500000.0,6500.0,0.8377580409572782,1.0532890957497358,6710.504829021567
500000.0,6500.0,0.8726646259971648,1.0102116982177891,6436.058729345534
500000.0,6500.0,0.9075712110370514,0.9663070582901436,6156.342268366506
500000.0,6500.0,0.9424777960769379,0.9211455103626583,5868.618046520497
500000.0,6500.0,0.9773843811168246,0.8748628953027549,5573.751505973852
500000.0,6500.0,1.0122909661567112,0.8271767604907168,5269.943141086356
500000.0,6500.0,1.0471975511965976,0.7790515788680766,4963.337608968516
500000.0,6500.0,1.0821041362364843,0.7301116736496787,4651.541472822103
500000.0,6500.0,1.117010721276371,0.6804420768802025,4335.09647180377
500000.0,6500.0,1.1519173063162575,0.6304869559880977,4016.83239660017
500000.0,6500.0,1.1868238913561442,0.5796170524128426,3692.74024092222
500000.0,6500.0,1.2217304763960306,0.5282231284354564,3365.3095512622926
500000.0,6500.0,1.2566370614359172,0.47666800301186624,3036.8518471886
500000.0,6500.0,1.2915436464758039,0.42444564642348254,2704.1432133640074
500000.0,6500.0,1.3264502315156905,0.37213840708273227,2370.893791524087
500000.0,6500.0,1.361356816555577,0.31950390531313544,2035.5593807499858
500000.0,6500.0,1.3962634015954636,0.26660976896289096,1698.5708380625783
500000.0,6500.0,1.4311699866353502,0.21351033470253641,1360.2743423898594
500000.0,6500.0,1.4660765716752369,0.16025297090282514,1020.971677621899
500000.0,6500.0,1.5009831567151235,0.10688244417674159,680.9480518500206
500000.0,6500.0,1.53588974175501,0.053476400582856826,340.69814811338085
500000.0,7000.0,0.3490658503988659,1.8355769517626508,11694.460759679849
500000.0,7000.0,0.3839724354387525,1.8198764878999194,11594.433104410386
500000.0,7000.0,0.4188790204786391,1.7971399530206933,11449.578640694835
500000.0,7000.0,0.4537856055185257,1.7685912346643031,11267.694756046274
500000.0,7000.0,0.4886921905584123,1.7346904825662157,11051.71306442936
500000.0,7000.0,0.5235987755982988,1.6971304246163672,10812.417935230875
500000.0,7000.0,0.5585053606381855,1.6564978607699208,10553.547870965165
500000.0,7000.0,0.5934119456780721,1.6127536824579571,10274.853710939646
500000.0,7000.0,0.6283185307179586,1.5662304177930337,9978.453991759417
500000.0,7000.0,0.6632251157578453,1.5183505636917658,9673.411441280241
500000.0,7000.0,0.6981317007977318,1.4682009381220582,9353.908176775632
500000.0,7000.0,0.7330382858376184,1.4171922571228897,9028.93187012993
500000.0,7000.0,0.767944870877505,1.3643199087081805,8692.082138379817
500000.0,7000.0,0.8028514559173916,1.3108360776483117,8351.336650697393
500000.0,7000.0,0.8377580409572782,1.2558511584284044,8001.027730347365
500000.0,7000.0,0.8726646259971648,1.199915691507703,7644.662870595575
500000.0,7000.0,0.9075712110370514,1.1437696624141465,7286.956519240527
500000.0,7000.0,0.9424777960769379,1.0868186059452003,6924.121338476871
500000.0,7000.0,0.9773843811168246,1.0288321169756534,6554.689417251888
500000.0,7000.0,1.0122909661567112,0.9707037202846723,6184.353401933648
500000.0,7000.0,1.0471975511965976,0.9120368844042418,5810.586990539424
500000.0,7000.0,1.0821041362364843,0.8525315961701674,5431.478799200137
500000.0,7000.0,1.117010721276371,0.7930552936065712,5052.555275567465
500000.0,7000.0,1.1519173063162575,0.7332071660962488,4671.262855199201
500000.0,7000.0,1.1868238913561442,0.6730355222138433,4287.909312024396
500000.0,7000.0,1.2217304763960306,0.6125809476541917,3902.7532175048555
500000.0,7000.0,1.2566370614359172,0.5521490926710253,3517.741869407102
500000.0,7000.0,1.2915436464758039,0.49124723469302145,3129.7361322292395
500000.0,7000.0,1.3264502315156905,0.43016563593111373,2740.5852665171255
500000.0,7000.0,1.361356816555577,0.3689283219309446,2350.442339022048
500000.0,7000.0,1.3962634015954636,0.30771143762237324,1960.42956909214
500000.0,7000.0,1.4311699866353502,0.24626036633816428,1568.9247939404447
500000.0,7000.0,1.4660765716752369,0.1847289841080327,1176.9083577522763
500000.0,7000.0,1.5009831567151235,0.12321793328948825,785.0214529873297
500000.0,7000.0,1.53588974175501,0.06160711530668022,392.49893161885973
500000.0,7500.0,0.3490658503988659,2.484684743858544,15829.926503122786
500000.0,7500.0,0.3839724354387525,2.41049403355724,15357.257487793175
500000.0,7500.0,0.4188790204786391,2.3373354856695934,14891.16437920098
500000.0,7500.0,0.4537856055185257,2.2647250586097925,14428.563348402988
500000.0,7500.0,0.4886921905584123,2.192610952629188,13969.124379200557
500000.0,7500.0,0.5235987755982988,2.120445550265786,13509.358600743322
500000.0,7500.0,0.5585053606381855,nan,nan
500000.0,7500.0,0.5934119456780721,nan,nan
500000.0,7500.0,0.6283185307179586,nan,nan
500000.0,7500.0,0.6632251157578453,nan,nan
500000.0,7500.0,0.6981317007977318,nan,nan
500000.0,7500.0,0.7330382858376184,nan,nan
500000.0,7500.0,0.767944870877505,nan,nan
500000.0,7500.0,0.8028514559173916,nan,nan
500000.0,7500.0,0.8377580409572782,nan,nan
500000.0,7500.0,0.8726646259971648,nan,nan
500000.0,7500.0,0.9075712110370514,nan,nan
500000.0,7500.0,0.9424777960769379,nan,nan
500000.0,7500.0,0.9773843811168246,nan,nan
500000.0,7500.0,1.0122909661567112,nan,nan
500000.0,7500.0,1.0471975511965976,nan,nan
500000.0,7500.0,1.0821041362364843,nan,nan
500000.0,7500.0,1.117010721276371,nan,nan
500000.0,7500.0,1.1519173063162575,nan,nan
500000.0,7500.0,1.1868238913561442,nan,nan
500000.0,7500.0,1.2217304763960306,nan,nan
500000.0,7500.0,1.2566370614359172,nan,nan
500000.0,7500.0,1.2915436464758039,nan,nan
500000.0,7500.0,1.3264502315156905,nan,nan
500000.0,7500.0,1.361356816555577,nan,nan
500000.0,7500.0,1.3962634015954636,nan,nan
500000.0,7500.0,1.4311699866353502,nan,nan
500000.0,7500.0,1.4660765716752369,nan,nan
500000.0,7500.0,1.5009831567151235,nan,nan
500000.0,7500.0,1.53588974175501,nan,nan
500000.0,8000.0,0.3490658503988659,nan,nan
500000.0,8000.0,0.3839724354387525,nan,nan
500000.0,8000.0,0.4188790204786391,nan,nan
500000.0,8000.0,0.4537856055185257,nan,nan
500000.0,8000.0,0.4886921905584123,nan,nan
500000.0,8000.0,0.5235987755982988,nan,nan
500000.0,8000.0,0.5585053606381855,nan,nan
500000.0,8000.0,0.5934119456780721,nan,nan
500000.0,8000.0,0.6283185307179586,nan,nan
500000.0,8000.0,0.6632251157578453,nan,nan
500000.0,8000.0,0.6981317007977318,nan,nan
500000.0,8000.0,0.7330382858376184,nan,nan
500000.0,8000.0,0.767944870877505,nan,nan
500000.0,8000.0,0.8028514559173916,nan,nan
500000.0,8000.0,0.8377580409572782,nan,nan
500000.0,8000.0,0.8726646259971648,nan,nan
500000.0,8000.0,0.9075712110370514,nan,nan
500000.0,8000.0,0.9424777960769379,nan,nan
500000.0,8000.0,0.9773843811168246,nan,nan
500000.0,8000.0,1.0122909661567112,nan,nan
500000.0,8000.0,1.0471975511965976,nan,nan
500000.0,8000.0,1.0821041362364843,nan,nan
500000.0,8000.0,1.117010721276371,nan,nan
500000.0,8000.0,1.1519173063162575,nan,nan
500000.0,8000.0,1.1868238913561442,nan,nan
500000.0,8000.0,1.2217304763960306,nan,nan
500000.0,8000.0,1.2566370614359172,nan,nan
500000.0,8000.0,1.2915436464758039,nan,nan
500000.0,8000.0,1.3264502315156905,nan,nan
500000.0,8000.0,1.361356816555577,nan,nan
500000.0,8000.0,1.3962634015954636,nan,nan
500000.0,8000.0,1.4311699866353502,nan,nan
500000.0,8000.0,1.4660765716752369,nan,nan
500000.0,8000.0,1.5009831567151235,nan,nan
500000.0,8000.0,1.53588974175501,nan,nan
500000.0,8500.0,0.3490658503988659,nan,nan
500000.0,8500.0,0.3839724354387525,nan,nan
500000.0,8500.0,0.4188790204786391,nan,nan
500000.0,8500.0,0.4537856055185257,nan,nan
500000.0,8500.0,0.4886921905584123,nan,nan
500000.0,8500.0,0.5235987755982988,nan,nan
500000.0,8500.0,0.5585053606381855,nan,nan
500000.0,8500.0,0.5934119456780721,nan,nan
500000.0,8500.0,0.6283185307179586,nan,nan
500000.0,8500.0,0.6632251157578453,nan,nan
500000.0,8500.0,0.6981317007977318,nan,nan
500000.0,8500.0,0.7330382858376184,nan,nan
500000.0,8500.0,0.767944870877505,nan,nan
500000.0,8500.0,0.8028514559173916,nan,nan
500000.0,8500.0,0.8377580409572782,nan,nan
500000.0,8500.0,0.8726646259971648,nan,nan
500000.0,8500.0,0.9075712110370514,nan,nan
500000.0,8500.0,0.9424777960769379,nan,nan
500000.0,8500.0,0.9773843811168246,nan,nan
500000.0,8500.0,1.0122909661567112,nan,nan
500000.0,8500.0,1.0471975511965976,nan,nan
500000.0,8500.0,1.0821041362364843,nan,nan
500000.0,8500.0,1.117010721276371,nan,nan
500000.0,8500.0,1.1519173063162575,nan,nan
500000.0,8500.0,1.1868238913561442,nan,nan
500000.0,8500.0,1.2217304763960306,nan,nan
500000.0,8500.0,1.2566370614359172,nan,nan
500000.0,8500.0,1.2915436464758039,nan,nan
500000.0,8500.0,1.3264502315156905,nan,nan
500000.0,8500.0,1.361356816555577,nan,nan
500000.0,8500.0,1.3962634015954636,nan,nan
500000.0,8500.0,1.4311699866353502,nan,nan
500000.0,8500.0,1.4660765716752369,nan,nan
500000.0,8500.0,1.5009831567151235,nan,nan
500000.0,8500.0,1.53588974175501,nan,nan
500000.0,9000.0,0.3490658503988659,nan,nan
500000.0,9000.0,0.3839724354387525,nan,nan
500000.0,9000.0,0.4188790204786391,nan,nan
500000.0,9000.0,0.4537856055185257,nan,nan
500000.0,9000.0,0.4886921905584123,nan,nan
500000.0,9000.0,0.5235987755982988,nan,nan
500000.0,9000.0,0.5585053606381855,nan,nan
500000.0,9000.0,0.5934119456780721,nan,nan
500000.0,9000.0,0.6283185307179586,nan,nan
500000.0,9000.0,0.6632251157578453,nan,nan
500000.0,9000.0,0.6981317007977318,nan,nan
500000.0,9000.0,0.7330382858376184,nan,nan
500000.0,9000.0,0.767944870877505,nan,nan
500000.0,9000.0,0.8028514559173916,nan,nan
500000.0,9000.0,0.8377580409572782,nan,nan
500000.0,9000.0,0.8726646259971648,nan,nan
500000.0,9000.0,0.9075712110370514,nan,nan
500000.0,9000.0,0.9424777960769379,nan,nan
500000.0,9000.0,0.9773843811168246,nan,nan
500000.0,9000.0,1.0122909661567112,nan,nan
500000.0,9000.0,1.0471975511965976,nan,nan
500000.0,9000.0,1.0821041362364843,nan,nan
500000.0,9000.0,1.117010721276371,nan,nan
500000.0,9000.0,1.1519173063162575,nan,nan
500000.0,9000.0,1.1868238913561442,nan,nan
500000.0,9000.0,1.2217304763960306,nan,nan
500000.0,9000.0,1.2566370614359172,nan,nan
500000.0,9000.0,1.2915436464758039,nan,nan
500000.0,9000.0,1.3264502315156905,nan,nan
500000.0,9000.0,1.361356816555577,nan,nan
500000.0,9000.0,1.3962634015954636,nan,nan
500000.0,9000.0,1.4311699866353502,nan,nan
500000.0,9000.0,1.4660765716752369,nan,nan
500000.0,9000.0,1.5009831567151235,nan,nan
500000.0,9000.0,1.53588974175501,nan,nan
500000.0,9500.0,0.3490658503988659,nan,nan
500000.0,9500.0,0.3839724354387525,nan,nan
500000.0,9500.0,0.4188790204786391,nan,nan
500000.0,9500.0,0.4537856055185257,nan,nan
500000.0,9500.0,0.4886921905584123,nan,nan
500000.0,9500.0,0.5235987755982988,nan,nan
500000.0,9500.0,0.5585053606381855,nan,nan
500000.0,9500.0,0.5934119456780721,nan,nan
500000.0,9500.0,0.6283185307179586,nan,nan
500000.0,9500.0,0.6632251157578453,nan,nan
500000.0,9500.0,0.6981317007977318,nan,nan
500000.0,9500.0,0.7330382858376184,nan,nan
500000.0,9500.0,0.767944870877505,nan,nan
500000.0,9500.0,0.8028514559173916,nan,nan
500000.0,9500.0,0.8377580409572782,nan,nan
500000.0,9500.0,0.8726646259971648,nan,nan
500000.0,9500.0,0.9075712110370514,nan,nan
500000.0,9500.0,0.9424777960769379,nan,nan
500000.0,9500.0,0.9773843811168246,nan,nan
500000.0,9500.0,1.0122909661567112,nan,nan
500000.0,9500.0,1.0471975511965976,nan,nan
500000.0,9500.0,1.0821041362364843,nan,nan
500000.0,9500.0,1.117010721276371,nan,nan
500000.0,9500.0,1.1519173063162575,nan,nan
500000.0,9500.0,1.1868238913561442,nan,nan
500000.0,9500.0,1.2217304763960306,nan,nan
500000.0,9500.0,1.2566370614359172,nan,nan
500000.0,9500.0,1.2915436464758039,nan,nan
500000.0,9500.0,1.3264502315156905,nan,nan
500000.0,9500.0,1.361356816555577,nan,nan
500000.0,9500.0,1.3962634015954636,nan,nan
500000.0,9500.0,1.4311699866353502,nan,nan
500000.0,9500.0,1.4660765716752369,nan,nan
500000.0,9500.0,1.5009831567151235,nan,nan
500000.0,9500.0,1.53588974175501,nan,nan
500000.0,10000.0,0.3490658503988659,nan,nan
500000.0,10000.0,0.3839724354387525,nan,nan
500000.0,10000.0,0.4188790204786391,nan,nan
500000.0,10000.0,0.4537856055185257,nan,nan
500000.0,10000.0,0.4886921905584123,nan,nan
500000.0,10000.0,0.5235987755982988,nan,nan
500000.0,10000.0,0.5585053606381855,nan,nan
500000.0,10000.0,0.5934119456780721,nan,nan
500000.0,10000.0,0.6283185307179586,nan,nan
500000.0,10000.0,0.6632251157578453,nan,nan
500000.0,10000.0,0.6981317007977318,nan,nan
500000.0,10000.0,0.7330382858376184,nan,nan
500000.0,10000.0,0.767944870877505,nan,nan
500000.0,10000.0,0.8028514559173916,nan,nan
500000.0,10000.0,0.8377580409572782,nan,nan
500000.0,10000.0,0.8726646259971648,nan,nan
500000.0,10000.0,0.9075712110370514,nan,nan
500000.0,10000.0,0.9424777960769379,nan,nan
500000.0,10000.0,0.9773843811168246,nan,nan
500000.0,10000.0,1.0122909661567112,nan,nan
500000.0,10000.0,1.0471975511965976,nan,nan
500000.0,10000.0,1.0821041362364843,nan,nan
500000.0,10000.0,1.117010721276371,nan,nan
500000.0,10000.0,1.1519173063162575,nan,nan
500000.0,10000.0,1.1868238913561442,nan,nan
500000.0,10000.0,1.2217304763960306,nan,nan
500000.0,10000.0,1.2566370614359172,nan,nan
500000.0,10000.0,1.2915436464758039,nan,nan
500000.0,10000.0,1.3264502315156905,nan,nan
500000.0,10000.0,1.361356816555577,nan,nan
500000.0,10000.0,1.3962634015954636,nan,nan
500000.0,10000.0,1.4311699866353502,nan,nan
500000.0,10000.0,1.4660765716752369,nan,nan
500000.0,10000.0,1.5009831567151235,nan,nan
500000.0,10000.0,1.53588974175501,nan,nan
500000.0,10500.0,0.3490658503988659,nan,nan
500000.0,10500.0,0.3839724354387525,nan,nan
500000.0,10500.0,0.4188790204786391,nan,nan
500000.0,10500.0,0.4537856055185257,nan,nan
500000.0,10500.0,0.4886921905584123,nan,nan
500000.0,10500.0,0.5235987755982988,nan,nan
500000.0,10500.0,0.5585053606381855,nan,nan
500000.0,10500.0,0.5934119456780721,nan,nan
500000.0,10500.0,0.6283185307179586,nan,nan
500000.0,10500.0,0.6632251157578453,nan,nan
500000.0,10500.0,0.6981317007977318,nan,nan
500000.0,10500.0,0.7330382858376184,nan,nan
500000.0,10500.0,0.767944870877505,nan,nan
500000.0,10500.0,0.8028514559173916,nan,nan
500000.0,10500.0,0.8377580409572782,nan,nan
500000.0,10500.0,0.8726646259971648,nan,nan
500000.0,10500.0,0.9075712110370514,nan,nan
500000.0,10500.0,0.9424777960769379,nan,nan
500000.0,10500.0,0.9773843811168246,nan,nan
500000.0,10500.0,1.0122909661567112,nan,nan
500000.0,10500.0,1.0471975511965976,nan,nan
500000.0,10500.0,1.0821041362364843,nan,nan
500000.0,10500.0,1.117010721276371,nan,nan
500000.0,10500.0,1.1519173063162575,nan,nan
500000.0,10500.0,1.1868238913561442,nan,nan
500000.0,10500.0,1.2217304763960306,nan,nan
500000.0,10500.0,1.2566370614359172,nan,nan
500000.0,10500.0,1.2915436464758039,nan,nan
500000.0,10500.0,1.3264502315156905,nan,nan
500000.0,10500.0,1.361356816555577,nan,nan
500000.0,10500.0,1.3962634015954636,nan,nan
500000.0,10500.0,1.4311699866353502,nan,nan
500000.0,10500.0,1.4660765716752369,nan,nan
500000.0,10500.0,1.5009831567151235,nan,nan
500000.0,10500.0,1.53588974175501,nan,nan
1000000.0,0.0,0.3490658503988659,0.0,0.0
1000000.0,0.0,0.3839724354387525,0.0,0.0
1000000.0,0.0,0.4188790204786391,0.0,0.0
1000000.0,0.0,0.4537856055185257,0.0,0.0
1000000.0,0.0,0.4886921905584123,0.0,0.0
1000000.0,0.0,0.5235987755982988,0.0,0.0
1000000.0,0.0,0.5585053606381855,0.0,0.0
1000000.0,0.0,0.5934119456780721,0.0,0.0
1000000.0,0.0,0.6283185307179586,0.0,0.0
1000000.0,0.0,0.6632251157578453,0.0,0.0
1000000.0,0.0,0.6981317007977318,0.0,0.0
1000000.0,0.0,0.7330382858376184,0.0,0.0
1000000.0,0.0,0.767944870877505,0.0,0.0
1000000.0,0.0,0.8028514559173916,0.0,0.0
1000000.0,0.0,0.8377580409572782,0.0,0.0
1000000.0,0.0,0.8726646259971648,0.0,0.0
1000000.0,0.0,0.9075712110370514,0.0,0.0
1000000.0,0.0,0.9424777960769379,0.0,0.0
1000000.0,0.0,0.9773843811168246,0.0,0.0
1000000.0,0.0,1.0122909661567112,0.0,0.0
1000000.0,0.0,1.0471975511965976,0.0,0.0
1000000.0,0.0,1.0821041362364843,0.0,0.0
1000000.0,0.0,1.117010721276371,0.0,0.0
1000000.0,0.0,1.1519173063162575,0.0,0.0
1000000.0,0.0,1.1868238913561442,0.0,0.0
1000000.0,0.0,1.2217304763960306,0.0,0.0
1000000.0,0.0,1.2566370614359172,0.0,0.0
1000000.0,0.0,1.2915436464758039,0.0,0.0
1000000.0,0.0,1.3264502315156905,0.0,0.0
1000000.0,0.0,1.361356816555577,0.0,0.0
1000000.0,0.0,1.3962634015954636,0.0,0.0
1000000.0,0.0,1.4311699866353502,0.0,0.0
1000000.0,0.0,1.4660765716752369,0.0,0.0
1000000.0,0.0,1.5009831567151235,0.0,0.0
1000000.0,0.0,1.53588974175501,0.0,0.0
1000000.0,500.0,0.3490658503988659,0.03746565812409805,238.69370790862868
1000000.0,500.0,0.3839724354387525,0.037099331217647406,236.35983918763162
1000000.0,500.0,0.4188790204786391,0.03668251442667335,233.7042994123359
1000000.0,500.0,0.4537856055185257,0.036215555586758534,230.72930464323863
1000000.0,500.0,0.4886921905584123,0.03569890343434412,227.4377137802064
1000000.0,500.0,0.5235987755982988,0.0351330910426452,223.83292303269255
1000000.0,500.0,0.5585053606381855,0.0345187189203299,219.91875824142178
1000000.0,500.0,0.5934119456780721,0.03392877914078298,216.16025190592836
1000000.0,500.0,0.6283185307179586,0.03321884588268975,211.63726711861642
1000000.0,500.0,0.6632251157578453,0.03246161629070226,206.8129573880641
1000000.0,500.0,0.6981317007977318,0.031657830833352024,201.69204023928575
1000000.0,500.0,0.7330382858376184,0.030808265588732328,196.27946006581368
1000000.0,500.0,0.767944870877505,0.029851459640822756,190.18364937168178
1000000.0,500.0,0.8028514559173916,0.028917006096074636,184.2302458380915
1000000.0,500.0,0.8377580409572782,0.027939876401961047,178.00495255689384
1000000.0,500.0,0.8726646259971648,0.02692087891780568,171.51291958534
1000000.0,500.0,0.9075712110370514,0.025860860868587715,164.75954459377232
1000000.0,500.0,0.9424777960769379,0.024760737187075797,157.75065661885992
1000000.0,500.0,0.9773843811168246,0.023572915169081533,150.18304254221843
1000000.0,500.0,1.0122909661567112,0.022403539450625745,142.73294983993662
1000000.0,500.0,1.0471975511965976,0.021197178033939553,135.0472212542289
1000000.0,500.0,1.0821041362364843,0.019955080241842893,127.13381622078107
1000000.0,500.0,1.117010721276371,0.018646222606063415,118.79508422323002
1000000.0,500.0,1.1519173063162575,0.017345219044843,110.50639053469475
1000000.0,500.0,1.1868238913561442,0.015983871866672734,101.83324766257199
1000000.0,500.0,1.2217304763960306,0.014629785879745803,93.20636583986052
1000000.0,500.0,1.2566370614359172,0.013224401034154993,84.25265898860145
1000000.0,500.0,1.2915436464758039,0.011799355224890796,75.17369213777926
1000000.0,500.0,1.3264502315156905,0.010381646180477221,66.14146781582038
1000000.0,500.0,1.361356816555577,0.008924877294994594,56.86039324641056
1000000.0,500.0,1.3962634015954636,0.007455542925588067,47.499263978921576
1000000.0,500.0,1.4311699866353502,0.005988682895110232,38.15389872474729
1000000.0,500.0,1.4660765716752369,0.004498828992989266,28.662039514334616
1000000.0,500.0,1.5009831567151235,0.0030026693409863445,19.130006371424003
1000000.0,500.0,1.53588974175501,0.001502362480830156,9.571551365368924
1000000.0,1000.0,0.3490658503988659,0.07853226908449756,500.32908633733393
1000000.0,1000.0,0.3839724354387525,0.07817321706566675,498.0415659253629
1000000.0,1000.0,0.4188790204786391,0.07753968117275291,494.00530875160877
1000000.0,1000.0,0.4537856055185257,0.07694136803925956,490.1934557781227
1000000.0,1000.0,0.4886921905584123,0.07608068635884839,484.7100527922231
1000000.0,1000.0,0.5235987755982988,0.0750964305597554,478.43935909620166
1000000.0,1000.0,0.5585053606381855,0.07414694867366269,472.390209999905
1000000.0,1000.0,0.5934119456780721,0.07293694358412235,464.6812675744435
1000000.0,1000.0,0.6283185307179586,0.0716083048419467,456.21651014804246
1000000.0,1000.0,0.6632251157578453,0.07016364566400264,447.0125865253608
1000000.0,1000.0,0.6981317007977318,0.06874058595643882,437.9462731284717
1000000.0,1000.0,0.7330382858376184,0.06707337474110302,427.32447047556735
1000000.0,1000.0,0.767944870877505,0.06529442559385636,415.99078545845884
1000000.0,1000.0,0.8028514559173916,0.06340570728375694,403.95776110481546
1000000.0,1000.0,0.8377580409572782,0.06140893189930676,391.23630513048334
1000000.0,1000.0,0.8726646259971648,0.05919648546015504,377.1408088666478
1000000.0,1000.0,0.9075712110370514,0.05700145982780331,363.1563005629349
1000000.0,1000.0,0.9424777960769379,0.05470386276082888,348.5183096492408
1000000.0,1000.0,0.9773843811168246,0.052304197625377545,333.23004307128036
1000000.0,1000.0,1.0122909661567112,0.04972425692350532,316.7932408596524
1000000.0,1000.0,1.0471975511965976,0.04714449747567949,300.357593417554
1000000.0,1000.0,1.0821041362364843,0.044399317970490515,282.8680547899951
1000000.0,1000.0,1.117010721276371,0.041575357649526766,264.876603585135
1000000.0,1000.0,1.1519173063162575,0.03875238291416786,246.89143154616346
1000000.0,1000.0,1.1868238913561442,0.035788935407252497,228.01130747960565
1000000.0,1000.0,1.2217304763960306,0.03276161656883593,208.72425916005372
1000000.0,1000.0,1.2566370614359172,0.029675083353839716,189.05995604731282
1000000.0,1000.0,1.2915436464758039,0.026533525915718087,169.04509360903992
1000000.0,1000.0,1.3264502315156905,0.02330222684331723,148.45848721877408
1000000.0,1000.0,1.361356816555577,0.020073019202787618,127.88520534095991
1000000.0,1000.0,1.3962634015954636,0.016800743134030124,107.03753450690591
1000000.0,1000.0,1.4311699866353502,0.01347095407358622,85.82344840281782
1000000.0,1000.0,1.4660765716752369,0.01011983250563876,64.47345289342455
1000000.0,1000.0,1.5009831567151235,0.006766686713000782,43.110561048527984
1000000.0,1000.0,1.53588974175501,0.0033859156577521307,21.571668655538826
1000000.0,1500.0,0.3490658503988659,0.12446557598815057,792.9701846205073
1000000.0,1500.0,0.3839724354387525,0.12400692417666324,790.0481139295215
1000000.0,1500.0,0.4188790204786391,0.12358151643394619,787.3378412006712
1000000.0,1500.0,0.4537856055185257,0.12295108655192995,783.3213724223457
1000000.0,1500.0,0.4886921905584123,0.12211182396868939,777.9744305045201
1000000.0,1500.0,0.5235987755982988,0.12105987371683803,771.272455449975
1000000.0,1500.0,0.5585053606381855,0.1197913818187217,763.1908935670759
1000000.0,1500.0,0.5934119456780721,0.1181201314439111,752.5433574291577
1000000.0,1500.0,0.6283185307179586,0.11643908304016211,741.8333980488728
1000000.0,1500.0,0.6632251157578453,0.1143429993403353,728.4792487972762
1000000.0,1500.0,0.6981317007977318,0.11224589432658053,715.1185927546446
1000000.0,1500.0,0.7330382858376184,0.10974366503347953,699.1768899282981
1000000.0,1500.0,0.767944870877505,0.107219742482068,683.0969793532553
1000000.0,1500.0,0.8028514559173916,0.10432208564309822,664.6360076321787
1000000.0,1500.0,0.8377580409572782,0.10122599512609395,644.9108149483446
1000000.0,1500.0,0.8726646259971648,0.0979373092365193,623.9585971458645
1000000.0,1500.0,0.9075712110370514,0.09446001060784288,601.804727582567
1000000.0,1500.0,0.9424777960769379,0.0907961656243417,578.4623711926811
1000000.0,1500.0,0.9773843811168246,0.08681791769400592,553.1169536285117
1000000.0,1500.0,1.0122909661567112,0.0828126648095209,527.5994875014577
1000000.0,1500.0,1.0471975511965976,0.07850973478531917,500.18552031726847
1000000.0,1500.0,1.0821041362364843,0.07405322060372677,471.79306846634324
1000000.0,1500.0,1.117010721276371,0.06957459704883778,443.25975779814553
1000000.0,1500.0,1.1519173063162575,0.06483728153625495,413.0783206674803
1000000.0,1500.0,1.1868238913561442,0.05987325541863694,381.45251027213595
1000000.0,1500.0,1.2217304763960306,0.05489649396826924,349.7455630718434
1000000.0,1500.0,1.2566370614359172,0.049799273929993455,317.27117420798834
1000000.0,1500.0,1.2915436464758039,0.044525778570167665,283.6737352705382
1000000.0,1500.0,1.3264502315156905,0.03916620737729012,249.52790720071533
1000000.0,1500.0,1.361356816555577,0.03373211009613108,214.9072734224511
1000000.0,1500.0,1.3962634015954636,0.02823193958546673,179.86568709900857
1000000.0,1500.0,1.4311699866353502,0.022672314987007898,144.4453187822273
1000000.0,1500.0,1.4660765716752369,0.01705972213509906,108.68748972271611
1000000.0,1500.0,1.5009831567151235,0.011387669845521593,72.55084458581807
1000000.0,1500.0,1.53588974175501,0.005697856456827755,36.30104348644963
1000000.0,2000.0,0.3490658503988659,0.17602001454943428,1121.4235126944457
1000000.0,2000.0,0.3839724354387525,0.17610853982774477,1121.987507242562
1000000.0,2000.0,0.4188790204786391,0.1762092026327738,1122.6288299734017
1000000.0,2000.0,0.4537856055185257,0.1759621363437261,1121.054770645879
1000000.0,2000.0,0.4886921905584123,0.1751274318577677,1115.736868365838
1000000.0,2000.0,0.5235987755982988,0.17394399036411004,1108.197162609745
1000000.0,2000.0,0.5585053606381855,0.17272962953903986,1100.4604697932232
1000000.0,2000.0,0.5934119456780721,0.17089668185616483,1088.7827601056263
1000000.0,2000.0,0.6283185307179586,0.16872539571272427,1074.9494960857662
1000000.0,2000.0,0.6632251157578453,0.16622193703023133,1058.999960819604
1000000.0,2000.0,0.6981317007977318,0.1633908837217375,1040.9633201911895
1000000.0,2000.0,0.7330382858376184,0.16023372877349404,1020.8490860159305
1000000.0,2000.0,0.767944870877505,0.1567479860851237,998.641419348323
1000000.0,2000.0,0.8028514559173916,0.15292724486792242,974.2994770535338
1000000.0,2000.0,0.8377580409572782,0.14857080760302124,946.5446152388483
1000000.0,2000.0,0.8726646259971648,0.14411371402817952,918.1484720735317
1000000.0,2000.0,0.9075712110370514,0.13915573610677753,886.5611947362796
1000000.0,2000.0,0.9424777960769379,0.13390287853314986,853.0952391346977
1000000.0,2000.0,0.9773843811168246,0.12836281900353955,817.7995198715505
1000000.0,2000.0,1.0122909661567112,0.12238578409994622,779.7198305007573
1000000.0,2000.0,1.0471975511965976,0.11631634958839157,741.0514632276427
1000000.0,2000.0,1.0821041362364843,0.10984203292402794,699.8035917589821
1000000.0,2000.0,1.117010721276371,0.1031353109607851,657.0750661311619
1000000.0,2000.0,1.1519173063162575,0.0962089504790852,612.9472235022517
1000000.0,2000.0,1.1868238913561442,0.08894554742037837,566.6720826152306
1000000.0,2000.0,1.2217304763960306,0.08163121388495592,520.0724636610543
1000000.0,2000.0,1.2566370614359172,0.0740210428560159,471.58806403567735
1000000.0,2000.0,1.2915436464758039,0.0662569174893345,422.12282132455016
1000000.0,2000.0,1.3264502315156905,0.05834993599306805,371.7474422118365
1000000.0,2000.0,1.361356816555577,0.050240899704252204,320.0847720157908
1000000.0,2000.0,1.3962634015954636,0.04209652487778056,268.1969599963399
1000000.0,2000.0,1.4311699866353502,0.03379790161755763,215.32643120545964
1000000.0,2000.0,1.4660765716752369,0.025425538728978368,161.9861072423212
1000000.0,2000.0,1.5009831567151235,0.016971682312981313,108.12658801600394
1000000.0,2000.0,1.53588974175501,0.008503163798479858,54.17365656011518
1000000.0,2500.0,0.3490658503988659,0.2349690688147516,1496.9879374187824
1000000.0,2500.0,0.3839724354387525,0.23632152292188763,1505.6044225353462
1000000.0,2500.0,0.4188790204786391,0.23683971282981522,1508.905810438753
1000000.0,2500.0,0.4537856055185257,0.2372570625418444,1511.5647454540906
1000000.0,2500.0,0.4886921905584123,0.2368340878830985,1508.8699739032206
1000000.0,2500.0,0.5235987755982988,0.23625650632952913,1505.1902018254302
1000000.0,2500.0,0.5585053606381855,0.23486291199836137,1496.3116123415605
1000000.0,2500.0,0.5934119456780721,0.23296472975750662,1484.2182932850747
1000000.0,2500.0,0.6283185307179586,0.23056527605550198,1468.9313737496032
1000000.0,2500.0,0.6632251157578453,0.22766477887919317,1450.4523062393398
1000000.0,2500.0,0.6981317007977318,0.2242579034431162,1428.747102836093
1000000.0,2500.0,0.7330382858376184,0.2200727548599505,1402.0835212127447
1000000.0,2500.0,0.767944870877505,0.21568611074612587,1374.136211563568
1000000.0,2500.0,0.8028514559173916,0.21054716024245598,1341.395957904687
1000000.0,2500.0,0.8377580409572782,0.20493812588710245,1305.6608000267297
1000000.0,2500.0,0.8726646259971648,0.19886886899957198,1266.993564396273
1000000.0,2500.0,0.9075712110370514,0.19211310512819965,1223.95259277176
1000000.0,2500.0,0.9424777960769379,0.1851748855305457,1179.7491957151065
1000000.0,2500.0,0.9773843811168246,0.1775935073458696,1131.448235300535
1000000.0,2500.0,1.0122909661567112,0.16961338753592806,1080.6068919913976
1000000.0,2500.0,1.0471975511965976,0.16106150117934054,1026.1228240135786
1000000.0,2500.0,1.0821041362364843,0.15234883963415075,970.6144573091743
1000000.0,2500.0,1.117010721276371,0.1431151729293568,911.7867667329322
1000000.0,2500.0,1.1519173063162575,0.13339741972410854,849.8749610622955
1000000.0,2500.0,1.1868238913561442,0.1235717738849795,787.2757714212045
1000000.0,2500.0,1.2217304763960306,0.11331402667081714,721.923663919776
1000000.0,2500.0,1.2566370614359172,0.10281653215001645,655.0441263277548
1000000.0,2500.0,1.2915436464758039,0.09209063931747755,586.7094630916495
1000000.0,2500.0,1.3264502315156905,0.08105784910074801,516.4195566208656
1000000.0,2500.0,1.361356816555577,0.06985553011734785,445.0495823776232
1000000.0,2500.0,1.3962634015954636,0.058500988523390696,372.7097978825221
1000000.0,2500.0,1.4311699866353502,0.046953027836155986,299.13774034414973
1000000.0,2500.0,1.4660765716752369,0.03531270908020454,224.97726954998313
1000000.0,2500.0,1.5009831567151235,0.023597714836795486,150.34104122522405
1000000.0,2500.0,1.53588974175501,0.01182062358987946,75.30919289112205
1000000.0,3000.0,0.3490658503988659,0.303923396193643,1936.2959571496995
1000000.0,3000.0,0.3839724354387525,0.30649575745377283,1952.6844707379867
1000000.0,3000.0,0.4188790204786391,0.3083997960589306,1964.8151006914468
1000000.0,3000.0,0.4537856055185257,0.3096118205999468,1972.5369090422612
1000000.0,3000.0,0.4886921905584123,0.30975562011766306,1973.4530557696314
1000000.0,3000.0,0.5235987755982988,0.30957717827872877,1972.316202813781
1000000.0,3000.0,0.5585053606381855,0.30829741815132683,1964.1628510421033
1000000.0,3000.0,0.5934119456780721,0.306663919975612,1953.7558341646238
1000000.0,3000.0,0.6283185307179586,0.3039582640005392,1936.5180999474353
1000000.0,3000.0,0.6632251157578453,0.300527510607865,1914.6607700827078
1000000.0,3000.0,0.6981317007977318,0.2960507417613468,1886.1392757615406
1000000.0,3000.0,0.7330382858376184,0.29122396507083786,1855.387881466308
1000000.0,3000.0,0.767944870877505,0.28537327893601433,1818.1131601013474
1000000.0,3000.0,0.8028514559173916,0.2788555281027054,1776.5885695423362
1000000.0,3000.0,0.8377580409572782,0.27168393280074743,1730.898335873562
1000000.0,3000.0,0.8726646259971648,0.26358119831038174,1679.275814435442
1000000.0,3000.0,0.9075712110370514,0.2548745355611454,1623.8056660600575
1000000.0,3000.0,0.9424777960769379,0.24560171718079812,1564.728540158865
1000000.0,3000.0,0.9773843811168246,0.23575876774036725,1502.0191092738798
1000000.0,3000.0,1.0122909661567112,0.22512799413682183,1434.2904506456919
1000000.0,3000.0,1.0471975511965976,0.2139923327451914,1363.3451519196142
1000000.0,3000.0,1.0821041362364843,0.20215475711828654,1287.9279576006036
1000000.0,3000.0,1.117010721276371,0.18988221495347896,1209.7395914686144
1000000.0,3000.0,1.1519173063162575,0.17721483620133116,1129.0357214386809
1000000.0,3000.0,1.1868238913561442,0.1641480628739363,1045.7873085698482
1000000.0,3000.0,1.2217304763960306,0.15054830512750114,959.1432519673098
1000000.0,3000.0,1.2566370614359172,0.13647007022482702,869.450817402373
1000000.0,3000.0,1.2915436464758039,0.12227003042831457,778.9823638587922
1000000.0,3000.0,1.3264502315156905,0.10766270444761546,685.9190900357581
1000000.0,3000.0,1.361356816555577,0.09272519222056362,590.7521996372108
1000000.0,3000.0,1.3962634015954636,0.07760602937101352,494.4280131227271
1000000.0,3000.0,1.4311699866353502,0.06233331240091009,397.1255333061982
1000000.0,3000.0,1.4660765716752369,0.04691415836368487,298.8901029350363
1000000.0,3000.0,1.5009831567151235,0.03134052286511166,199.67047117362637
1000000.0,3000.0,1.53588974175501,0.015680128999785613,99.89810185763415
1000000.0,3500.0,0.3490658503988659,0.38580491106087134,2457.963088368811
1000000.0,3500.0,0.3839724354387525,0.39029260876195004,2486.5542104223837
1000000.0,3500.0,0.4188790204786391,0.39379910587557554,2508.894103533292
1000000.0,3500.0,0.4537856055185257,0.39593778285731956,2522.519614583983
1000000.0,3500.0,0.4886921905584123,0.39706520917996163,2529.7024476855354
1000000.0,3500.0,0.5235987755982988,0.39718905799759135,2530.4914885026546
1000000.0,3500.0,0.5585053606381855,0.39631918948021727,2524.9495561784643
1000000.0,3500.0,0.5934119456780721,0.39445192449860245,2513.053210980596
1000000.0,3500.0,0.6283185307179586,0.39155975623443684,2494.627206969597
1000000.0,3500.0,0.6632251157578453,0.38729372697262415,2467.4483345425883
1000000.0,3500.0,0.6981317007977318,0.3820505419977399,2434.044003067601
1000000.0,3500.0,0.7330382858376184,0.3758397653235394,2394.4751448762695
1000000.0,3500.0,0.767944870877505,0.3683673819493855,2346.8685903995347
1000000.0,3500.0,0.8028514559173916,0.35998881843096914,2293.4887622237043
1000000.0,3500.0,0.8377580409572782,0.3503915817622642,2232.344767407385
1000000.0,3500.0,0.8726646259971648,0.34032979832039073,2168.241145099209
1000000.0,3500.0,0.9075712110370514,0.32880193751829045,2094.7971439290286
1000000.0,3500.0,0.9424777960769379,0.3168792529309202,2018.8377204228923
1000000.0,3500.0,0.9773843811168246,0.30391285571372834,1936.2288037521632
1000000.0,3500.0,1.0122909661567112,0.2902582569852269,1849.2353552528807
1000000.0,3500.0,1.0471975511965976,0.2757142340926604,1756.5753854043394
1000000.0,3500.0,1.0821041362364843,0.260307311293894,1658.4178802533988
1000000.0,3500.0,1.117010721276371,0.244635412066088,1558.5722102730465
1000000.0,3500.0,1.1519173063162575,0.2281892778634942,1453.7938892683214
1000000.0,3500.0,1.1868238913561442,0.21107401010541033,1344.752518381569
1000000.0,3500.0,1.2217304763960306,0.19353452670870888,1233.0084696611843
1000000.0,3500.0,1.2566370614359172,0.17559073356425334,1118.688563537858
1000000.0,3500.0,1.2915436464758039,0.15713853321151533,1001.1295950905642
1000000.0,3500.0,1.3264502315156905,0.1382474077484998,880.7742347656923
1000000.0,3500.0,1.361356816555577,0.11909377136490996,758.7464173658414
1000000.0,3500.0,1.3962634015954636,0.09970957994940371,635.2497338576511
1000000.0,3500.0,1.4311699866353502,0.08003729428513384,509.9176018905877
1000000.0,3500.0,1.4660765716752369,0.06020815747511629,383.58617127396593
1000000.0,3500.0,1.5009831567151235,0.04021018075712443,256.17906160363975
1000000.0,3500.0,1.53588974175501,0.020132926355884054,128.2668738133373
1000000.0,4000.0,0.3490658503988659,0.4859527611865009,3096.005041519197
1000000.0,4000.0,0.3839724354387525,0.49252916054320994,3137.90328182079
1000000.0,4000.0,0.4188790204786391,0.49728541468537535,3168.2053769605263
1000000.0,4000.0,0.4537856055185257,0.5011550543653577,3192.8588513616937
1000000.0,4000.0,0.4886921905584123,0.5035895101893088,3208.368769416086
1000000.0,4000.0,0.5235987755982988,0.5041867411218005,3212.173727686991
1000000.0,4000.0,0.5585053606381855,0.5033710357687999,3206.9768688830245
1000000.0,4000.0,0.5934119456780721,0.5007329009819094,3190.1693121557446
1000000.0,4000.0,0.6283185307179586,0.4971674043162027,3167.4535328985276
1000000.0,4000.0,0.6632251157578453,0.49142769750526655,3130.885860806053
1000000.0,4000.0,0.6981317007977318,0.48484102868623585,3088.9221937600087
1000000.0,4000.0,0.7330382858376184,0.47658077734668713,3036.2961324757434
1000000.0,4000.0,0.767944870877505,0.4667103219241865,2973.411460978992
1000000.0,4000.0,0.8028514559173916,0.4561128451678387,2905.8949365643
1000000.0,4000.0,0.8377580409572782,0.44367227980481144,2826.636094636454
1000000.0,4000.0,0.8726646259971648,0.4301886185997897,2740.73168909926
1000000.0,4000.0,0.9075712110370514,0.4157490178913025,2648.736992985488
1000000.0,4000.0,0.9424777960769379,0.40003131624539884,2548.5995157994357
1000000.0,4000.0,0.9773843811168246,0.3834487458816186,2442.951960011792
1000000.0,4000.0,1.0122909661567112,0.3657490299973847,2330.1870701133375
1000000.0,4000.0,1.0471975511965976,0.3469912679158132,2210.681367891646
1000000.0,4000.0,1.0821041362364843,0.3275639285938651,2086.9097890715143
1000000.0,4000.0,1.117010721276371,0.3075131036359754,1959.1659832647993
1000000.0,4000.0,1.1519173063162575,0.2865933736239479,1825.886383358172
1000000.0,4000.0,1.1868238913561442,0.2649006617792304,1687.6821161954767
1000000.0,4000.0,1.2217304763960306,0.24274292912478068,1546.5152014539776
1000000.0,4000.0,1.2566370614359172,0.2199315939946682,1401.184185340031
1000000.0,4000.0,1.2915436464758039,0.19676134116506835,1253.5665045626506
1000000.0,4000.0,1.3264502315156905,0.17306491270465277,1102.5965588413428
1000000.0,4000.0,1.361356816555577,0.14908822623832357,949.8410893643595
1000000.0,4000.0,1.3962634015954636,0.12471784480117813,794.577389228306
1000000.0,4000.0,1.4311699866353502,0.10013204890169108,637.9412835526739
1000000.0,4000.0,1.4660765716752369,0.07528642252877629,479.64979793083376
1000000.0,4000.0,1.5009831567151235,0.05026311570114855,320.22631013201743
1000000.0,4000.0,1.53588974175501,0.025161400168306595,160.3032804722813
1000000.0,4500.0,0.3490658503988659,0.6109256289894118,3892.2071822915427
1000000.0,4500.0,0.3839724354387525,0.6200790747582918,3950.523785285077
1000000.0,4500.0,0.4188790204786391,0.6267820563050887,3993.22848071972
1000000.0,4500.0,0.4537856055185257,0.6320295542281182,4026.6602899873415
1000000.0,4500.0,0.4886921905584123,0.634803009309161,4044.3299723086648
1000000.0,4500.0,0.5235987755982988,0.6356345891500608,4049.627967475037
1000000.0,4500.0,0.5585053606381855,0.6340822734144542,4039.738163923488
1000000.0,4500.0,0.5934119456780721,0.630684860580246,4018.093246756747
1000000.0,4500.0,0.6283185307179586,0.6250247282315041,3982.032543562913
1000000.0,4500.0,0.6632251157578453,0.6176650943439369,3935.144316065222
1000000.0,4500.0,0.6981317007977318,0.6082074004761409,3874.8893484334935
1000000.0,4500.0,0.7330382858376184,0.5971930448060293,3804.7168884592124
1000000.0,4500.0,0.767944870877505,0.5842760523194812,3722.422729327415
1000000.0,4500.0,0.8028514559173916,0.5695626664288159,3628.6837478179864
1000000.0,4500.0,0.8377580409572782,0.5535495621049594,3526.6642601706963
1000000.0,4500.0,0.8726646259971648,0.5359222897477016,3414.360907982607
1000000.0,4500.0,0.9075712110370514,0.5171443098559759,3294.7263980924226
1000000.0,4500.0,0.9424777960769379,0.4965775048344238,3163.695283300114
1000000.0,4500.0,0.9773843811168246,0.4754391343618815,3029.022725019547
1000000.0,4500.0,1.0122909661567112,0.45267545074422666,2883.995296691468
1000000.0,4500.0,1.0471975511965976,0.4291116587711329,2733.870378030888
1000000.0,4500.0,1.0821041362364843,0.4047943033262697,2578.9445064916645
1000000.0,4500.0,1.117010721276371,0.3791656124310099,2415.664116797964
1000000.0,4500.0,1.1519173063162575,0.3532128411153354,2250.319010745802
1000000.0,4500.0,1.1868238913561442,0.32617207342161153,2078.042279769087
1000000.0,4500.0,1.2217304763960306,0.2986084856488682,1902.4346620689394
1000000.0,4500.0,1.2566370614359172,0.27037524987847766,1722.5607169757811
1000000.0,4500.0,1.2915436464758039,0.24153737198440067,1538.8345969126167
1000000.0,4500.0,1.3264502315156905,0.21237745196253213,1353.0567464532921
1000000.0,4500.0,1.361356816555577,0.18274129627463234,1164.2447985656827
1000000.0,4500.0,1.3962634015954636,0.15286621926209976,973.9106829188376
1000000.0,4500.0,1.4311699866353502,0.12264045438398088,781.3423348803423
1000000.0,4500.0,1.4660765716752369,0.09215759727328714,587.1360522281124
1000000.0,4500.0,1.5009831567151235,0.061550655681956994,392.139227349748
1000000.0,4500.0,1.53588974175501,0.030804023287310005,196.25243236345204
1000000.0,5000.0,0.3490658503988659,0.7719383091150511,4918.018967371991
1000000.0,5000.0,0.3839724354387525,0.7840807330604589,4995.378350328184
1000000.0,5000.0,0.4188790204786391,0.7924012900934942,5048.388619185652
1000000.0,5000.0,0.4537856055185257,0.7979000653471884,5083.421316326938
1000000.0,5000.0,0.4886921905584123,0.8006623193517513,5101.0196365900065
1000000.0,5000.0,0.5235987755982988,0.7997951644480515,5095.494992698536
1000000.0,5000.0,0.5585053606381855,0.7964140836610618,5073.954127004625
1000000.0,5000.0,0.5934119456780721,0.7906580258501806,5037.282282691501
1000000.0,5000.0,0.6283185307179586,0.7816598571885839,4979.954950148468
1000000.0,5000.0,0.6632251157578453,0.7705611693866833,4909.2452101625595
1000000.0,5000.0,0.6981317007977318,0.7570056130490331,4822.88276073539
1000000.0,5000.0,0.7330382858376184,0.7411379351262968,4721.789784689637
1000000.0,5000.0,0.767944870877505,0.7235976090032715,4610.040366959843
1000000.0,5000.0,0.8028514559173916,0.7040010532429816,4485.190710211035
1000000.0,5000.0,0.8377580409572782,0.6820941195516701,4345.62163566369
1000000.0,5000.0,0.8726646259971648,0.6593334041120347,4200.6131175977725
1000000.0,5000.0,0.9075712110370514,0.6345041633704589,4042.4260248331934
1000000.0,5000.0,0.9424777960769379,0.6085593005461148,3877.1313037792975
1000000.0,5000.0,0.9773843811168246,0.5812079116986543,3702.875605432126
1000000.0,5000.0,1.0122909661567112,0.5525772672249116,3520.469769489912
1000000.0,5000.0,1.0471975511965976,0.5227458877756417,3330.414051018613
1000000.0,5000.0,1.0821041362364843,0.4921949478524991,3135.774012768272
1000000.0,5000.0,1.117010721276371,0.460622305085947,2934.6247057025685
1000000.0,5000.0,1.1519173063162575,0.42813802505338805,2727.667357615135
1000000.0,5000.0,1.1868238913561442,0.39509779241314247,2517.1680354641308
1000000.0,5000.0,1.2217304763960306,0.3610613723208289,2300.322003056001
1000000.0,5000.0,1.2566370614359172,0.32661601712942473,2080.8706451315647
1000000.0,5000.0,1.2915436464758039,0.2917760760518299,1858.9053805262085
1000000.0,5000.0,1.3264502315156905,0.25622551156110285,1632.4127341557862
1000000.0,5000.0,1.361356816555577,0.22039231402095677,1404.1194326275156
1000000.0,5000.0,1.3962634015954636,0.18417233787285908,1173.3619645879853
1000000.0,5000.0,1.4311699866353502,0.14764170106144514,940.625277462467
1000000.0,5000.0,1.4660765716752369,0.11095948603179931,706.9228855085934
1000000.0,5000.0,1.5009831567151235,0.07407230149390145,471.9146328176461
1000000.0,5000.0,1.53588974175501,0.03706195739025656,236.12173053332455
1000000.0,5500.0,0.3490658503988659,0.9885224914707545,6297.876793160177
1000000.0,5500.0,0.3839724354387525,1.0012046834259372,6378.675038106646
1000000.0,5500.0,0.4188790204786391,1.0092777412867828,6430.108489738093
1000000.0,5500.0,0.4537856055185257,1.0129502961625045,6453.5063368513165
1000000.0,5500.0,0.4886921905584123,1.0124640285431523,6450.408325848424
1000000.0,5500.0,0.5235987755982988,1.0080751421597747,6422.446730699925
1000000.0,5500.0,0.5585053606381855,1.0000415283937978,6371.264577396885
1000000.0,5500.0,0.5934119456780721,0.9886159040937009,6298.471924980969
1000000.0,5500.0,0.6283185307179586,0.974043232768747,6205.629435969687
1000000.0,5500.0,0.6632251157578453,0.9565599878147968,6094.24368236807
1000000.0,5500.0,0.6981317007977318,0.9359014170653531,5962.627928123366
1000000.0,5500.0,0.7330382858376184,0.913313390510978,5818.719610945441
1000000.0,5500.0,0.767944870877505,0.8884505370735274,5660.318371695443
1000000.0,5500.0,0.8028514559173916,0.8615009859851299,5488.622781711263
1000000.0,5500.0,0.8377580409572782,0.8326373013389646,5304.732246830544
1000000.0,5500.0,0.8726646259971648,0.8020130288322059,5109.625006689985
1000000.0,5500.0,0.9075712110370514,0.7702370905558086,4907.180503931057
1000000.0,5500.0,0.9424777960769379,0.7365677579444924,4692.673185864361
1000000.0,5500.0,0.9773843811168246,0.7019236681793906,4471.955689970898
1000000.0,5500.0,1.0122909661567112,0.6656967148327017,4241.153770199142
1000000.0,5500.0,1.0471975511965976,0.6287271799677656,4005.6208635746348
1000000.0,5500.0,1.0821041362364843,0.59072567268729,3763.513260690725
1000000.0,5500.0,1.117010721276371,0.5517959227931706,3515.49182411529
1000000.0,5500.0,1.1519173063162575,0.5120146472443284,3262.0453175936163
1000000.0,5500.0,1.1868238913561442,0.47182622369510663,3006.004871161524
1000000.0,5500.0,1.2217304763960306,0.430894742322367,2745.2304033358005
1000000.0,5500.0,1.2566370614359172,0.389132902847564,2479.1657240418303
1000000.0,5500.0,1.2915436464758039,0.34708927503822107,2211.3057712685068
1000000.0,5500.0,1.3264502315156905,0.3047622157579535,1941.6400765939215
1000000.0,5500.0,1.361356816555577,0.2618527479240713,1668.2638570242584
1000000.0,5500.0,1.3962634015954636,0.21860090283975106,1392.706351992054
1000000.0,5500.0,1.4311699866353502,0.17522502014710906,1116.3586033572317
1000000.0,5500.0,1.4660765716752369,0.13160567752073632,838.4597714846111
1000000.0,5500.0,1.5009831567151235,0.08781806324789568,559.4888809523434
1000000.0,5500.0,1.53588974175501,0.04392705254355935,279.8592517550166
1000000.0,6000.0,0.3490658503988659,1.2899960098689511,8218.564578875088
1000000.0,6000.0,0.3839724354387525,1.2983235377189821,8271.619258807636
1000000.0,6000.0,0.4188790204786391,1.3006061107336333,8286.161531483978
1000000.0,6000.0,0.4537856055185257,1.2964337569728,8259.579465673709
1000000.0,6000.0,0.4886921905584123,1.2873186618576353,8201.507194694996
1000000.0,6000.0,0.5235987755982988,1.273805876646852,8115.4172401170945
1000000.0,6000.0,0.5585053606381855,1.2557974051583944,8000.685268264131
1000000.0,6000.0,0.5934119456780721,1.234239374172288,7863.339052851647
1000000.0,6000.0,0.6283185307179586,1.2089519520354712,7702.232886417987
1000000.0,6000.0,0.6632251157578453,1.1813678434530768,7526.494530639552
1000000.0,6000.0,0.6981317007977318,1.1506881702103786,7331.034332410322
1000000.0,6000.0,0.7330382858376184,1.1176946161008965,7120.832399178811
1000000.0,6000.0,0.767944870877505,1.0826176007982657,6897.356734685751
1000000.0,6000.0,0.8028514559173916,1.0456581778267313,6661.888250934106
1000000.0,6000.0,0.8377580409572782,1.006996794910763,6415.576580376472
1000000.0,6000.0,0.8726646259971648,0.9663565294986207,6156.657449435713
1000000.0,6000.0,0.9075712110370514,0.9248176753930902,5892.013409929378
1000000.0,6000.0,0.9424777960769379,0.8820184302194614,5619.339418928188
1000000.0,6000.0,0.9773843811168246,0.8380820165940728,5339.4205277208375
1000000.0,6000.0,1.0122909661567112,0.7931195461057676,5052.964628239846
1000000.0,6000.0,1.0471975511965976,0.747229235408242,4760.59745878591
1000000.0,6000.0,1.0821041362364843,0.7004956674961221,4462.857897617793
1000000.0,6000.0,1.117010721276371,0.6534169515842226,4162.919398543083
1000000.0,6000.0,1.1519173063162575,0.605292377321225,3856.3177359135243
1000000.0,6000.0,1.1868238913561442,0.5568452829308039,3547.661297552152
1000000.0,6000.0,1.2217304763960306,0.5076141449978672,3234.009717781412
1000000.0,6000.0,1.2566370614359172,0.45814525162153713,2918.843398080813
1000000.0,6000.0,1.2915436464758039,0.4080232963656613,2599.516421145628
1000000.0,6000.0,1.3264502315156905,0.3577919624280761,2279.492592629273
1000000.0,6000.0,1.361356816555577,0.3072288473766072,1957.3549866363646
1000000.0,6000.0,1.3962634015954636,0.2563958064897026,1633.4976831458953
1000000.0,6000.0,1.4311699866353502,0.20534631899045883,1308.2613982882133
1000000.0,6000.0,1.4660765716752369,0.15412964037247837,981.9599388130597
1000000.0,6000.0,1.5009831567151235,0.1028607179721118,655.3256342003243
1000000.0,6000.0,1.53588974175501,0.05144172730369004,327.73524465180924
1000000.0,6500.0,0.3490658503988659,1.7213836622605136,10966.935312261732
1000000.0,6500.0,0.3839724354387525,1.7109448522622865,10900.429653763027
1000000.0,6500.0,0.4188790204786391,1.693728133500823,10790.741938533743
1000000.0,6500.0,0.4537856055185257,1.6701902630900596,10640.78216614677
1000000.0,6500.0,0.4886921905584123,1.642194468805092,10462.420960757241
1000000.0,6500.0,0.5235987755982988,1.6098445395241003,10256.319561308042
1000000.0,6500.0,0.5585053606381855,1.5742034782297945,10029.250359802021
1000000.0,6500.0,0.5934119456780721,1.5352291443850694,9780.944878877277
1000000.0,6500.0,0.6283185307179586,1.4932681887473485,9513.611630509358
1000000.0,6500.0,0.6632251157578453,1.4497158263390983,9236.139529606397
1000000.0,6500.0,0.6981317007977318,1.4037430068751715,8943.246696801718
1000000.0,6500.0,0.7330382858376184,1.3561030951627708,8639.732819282011
1000000.0,6500.0,0.767944870877505,1.3075545867202267,8330.430271994564
1000000.0,6500.0,0.8028514559173916,1.2571979772725432,8009.608313203373
1000000.0,6500.0,0.8377580409572782,1.2056914271474453,7681.460082356374
1000000.0,6500.0,0.8726646259971648,1.1531620158337244,7346.795202876659
1000000.0,6500.0,0.9075712110370514,1.0997202663965833,7006.317817212632
1000000.0,6500.0,0.9424777960769379,1.045462524121125,6660.6417411756875
1000000.0,6500.0,0.9773843811168246,0.9904725251235921,6310.3004575624045
1000000.0,6500.0,1.0122909661567112,0.9348226252340985,5955.754945366442
1000000.0,6500.0,1.0471975511965976,0.8790278737283136,5600.286583523086
1000000.0,6500.0,1.0821041362364843,0.8223148770222293,5238.968081508622
1000000.0,6500.0,1.117010721276371,0.7651294785282685,4874.6399077035985
1000000.0,6500.0,1.1519173063162575,0.7075118597373661,4507.558058386759
1000000.0,6500.0,1.1868238913561442,0.6499128177819626,4140.594562088884
1000000.0,6500.0,1.2217304763960306,0.5916513910565754,3769.4110124214417
1000000.0,6500.0,1.2566370614359172,0.5333561230108622,3398.011859702203
1000000.0,6500.0,1.2915436464758039,0.47459822649878847,3023.6653010237815
1000000.0,6500.0,1.3264502315156905,0.4156075227319442,2647.8355273252164
1000000.0,6500.0,1.361356816555577,0.35666437951775015,2272.3087619075864
1000000.0,6500.0,1.3962634015954636,0.2973730058031182,1894.563419971666
1000000.0,6500.0,1.4311699866353502,0.23810745898597174,1516.982621199626
1000000.0,6500.0,1.4660765716752369,0.1786227584000679,1138.0055937668326
1000000.0,6500.0,1.5009831567151235,nan,nan
1000000.0,6500.0,1.53588974175501,nan,nan
1000000.0,7000.0,0.3490658503988659,2.3286911355501405,14836.091224589945
1000000.0,7000.0,0.3839724354387525,2.2698142280456244,14460.986446878673
1000000.0,7000.0,0.4188790204786391,2.209584312499299,14077.261654933034
1000000.0,7000.0,0.4537856055185257,2.1479225827998705,13684.414775017975
1000000.0,7000.0,0.4886921905584123,2.0850739441987276,13284.006098490094
1000000.0,7000.0,0.5235987755982988,2.0217863362661843,12880.800748351861
1000000.0,7000.0,0.5585053606381855,nan,nan
1000000.0,7000.0,0.5934119456780721,nan,nan
1000000.0,7000.0,0.6283185307179586,nan,nan
1000000.0,7000.0,0.6632251157578453,nan,nan
1000000.0,7000.0,0.6981317007977318,nan,nan
1000000.0,7000.0,0.7330382858376184,nan,nan
1000000.0,7000.0,0.767944870877505,nan,nan
1000000.0,7000.0,0.8028514559173916,nan,nan
1000000.0,7000.0,0.8377580409572782,nan,nan
1000000.0,7000.0,0.8726646259971648,nan,nan
1000000.0,7000.0,0.9075712110370514,nan,nan
1000000.0,7000.0,0.9424777960769379,nan,nan
1000000.0,7000.0,0.9773843811168246,nan,nan
1000000.0,7000.0,1.0122909661567112,nan,nan
1000000.0,7000.0,1.0471975511965976,nan,nan
1000000.0,7000.0,1.0821041362364843,nan,nan
1000000.0,7000.0,1.117010721276371,nan,nan
1000000.0,7000.0,1.1519173063162575,nan,nan
1000000.0,7000.0,1.1868238913561442,nan,nan
1000000.0,7000.0,1.2217304763960306,nan,nan
1000000.0,7000.0,1.2566370614359172,nan,nan
1000000.0,7000.0,1.2915436464758039,nan,nan
1000000.0,7000.0,1.3264502315156905,nan,nan
1000000.0,7000.0,1.361356816555577,nan,nan
1000000.0,7000.0,1.3962634015954636,nan,nan
1000000.0,7000.0,1.4311699866353502,nan,nan
1000000.0,7000.0,1.4660765716752369,nan,nan
1000000.0,7000.0,1.5009831567151235,nan,nan
1000000.0,7000.0,1.53588974175501,nan,nan
1000000.0,7500.0,0.3490658503988659,nan,nan
1000000.0,7500.0,0.3839724354387525,nan,nan
1000000.0,7500.0,0.4188790204786391,nan,nan
1000000.0,7500.0,0.4537856055185257,nan,nan
1000000.0,7500.0,0.4886921905584123,nan,nan
1000000.0,7500.0,0.5235987755982988,nan,nan
1000000.0,7500.0,0.5585053606381855,nan,nan
1000000.0,7500.0,0.5934119456780721,nan,nan
1000000.0,7500.0,0.6283185307179586,nan,nan
1000000.0,7500.0,0.6632251157578453,nan,nan
1000000.0,7500.0,0.6981317007977318,nan,nan
1000000.0,7500.0,0.7330382858376184,nan,nan
1000000.0,7500.0,0.767944870877505,nan,nan
1000000.0,7500.0,0.8028514559173916,nan,nan
1000000.0,7500.0,0.8377580409572782,nan,nan
1000000.0,7500.0,0.8726646259971648,nan,nan
1000000.0,7500.0,0.9075712110370514,nan,nan
1000000.0,7500.0,0.9424777960769379,nan,nan
1000000.0,7500.0,0.9773843811168246,nan,nan
1000000.0,7500.0,1.0122909661567112,nan,nan
1000000.0,7500.0,1.0471975511965976,nan,nan
1000000.0,7500.0,1.0821041362364843,nan,nan
1000000.0,7500.0,1.117010721276371,nan,nan
1000000.0,7500.0,1.1519173063162575,nan,nan
1000000.0,7500.0,1.1868238913561442,nan,nan
1000000.0,7500.0,1.2217304763960306,nan,nan
1000000.0,7500.0,1.2566370614359172,nan,nan
1000000.0,7500.0,1.2915436464758039,nan,nan
1000000.0,7500.0,1.3264502315156905,nan,nan
1000000.0,7500.0,1.361356816555577,nan,nan
1000000.0,7500.0,1.3962634015954636,nan,nan
1000000.0,7500.0,1.4311699866353502,nan,nan
1000000.0,7500.0,1.4660765716752369,nan,nan
1000000.0,7500.0,1.5009831567151235,nan,nan
1000000.0,7500.0,1.53588974175501,nan,nan
1000000.0,8000.0,0.3490658503988659,nan,nan
1000000.0,8000.0,0.3839724354387525,nan,nan
1000000.0,8000.0,0.4188790204786391,nan,nan
1000000.0,8000.0,0.4537856055185257,nan,nan
1000000.0,8000.0,0.4886921905584123,nan,nan
1000000.0,8000.0,0.5235987755982988,nan,nan
1000000.0,8000.0,0.5585053606381855,nan,nan
1000000.0,8000.0,0.5934119456780721,nan,nan
1000000.0,8000.0,0.6283185307179586,nan,nan
1000000.0,8000.0,0.6632251157578453,nan,nan
1000000.0,8000.0,0.6981317007977318,nan,nan
1000000.0,8000.0,0.7330382858376184,nan,nan
1000000.0,8000.0,0.767944870877505,nan,nan
1000000.0,8000.0,0.8028514559173916,nan,nan
1000000.0,8000.0,0.8377580409572782,nan,nan
1000000.0,8000.0,0.8726646259971648,nan,nan
1000000.0,8000.0,0.9075712110370514,nan,nan
1000000.0,8000.0,0.9424777960769379,nan,nan
1000000.0,8000.0,0.9773843811168246,nan,nan
1000000.0,8000.0,1.0122909661567112,nan,nan
1000000.0,8000.0,1.0471975511965976,nan,nan
1000000.0,8000.0,1.0821041362364843,nan,nan
1000000.0,8000.0,1.117010721276371,nan,nan
1000000.0,8000.0,1.1519173063162575,nan,nan
1000000.0,8000.0,1.1868238913561442,nan,nan
1000000.0,8000.0,1.2217304763960306,nan,nan
1000000.0,8000.0,1.2566370614359172,nan,nan
1000000.0,8000.0,1.2915436464758039,nan,nan
1000000.0,8000.0,1.3264502315156905,nan,nan
1000000.0,8000.0,1.361356816555577,nan,nan
1000000.0,8000.0,1.3962634015954636,nan,nan
1000000.0,8000.0,1.4311699866353502,nan,nan
1000000.0,8000.0,1.4660765716752369,nan,nan
1000000.0,8000.0,1.5009831567151235,nan,nan
1000000.0,8000.0,1.53588974175501,nan,nan
1000000.0,8500.0,0.3490658503988659,nan,nan
1000000.0,8500.0,0.3839724354387525,nan,nan
1000000.0,8500.0,0.4188790204786391,nan,nan
1000000.0,8500.0,0.4537856055185257,nan,nan
1000000.0,8500.0,0.4886921905584123,nan,nan
1000000.0,8500.0,0.5235987755982988,nan,nan
1000000.0,8500.0,0.5585053606381855,nan,nan
1000000.0,8500.0,0.5934119456780721,nan,nan
1000000.0,8500.0,0.6283185307179586,nan,nan
1000000.0,8500.0,0.6632251157578453,nan,nan
1000000.0,8500.0,0.6981317007977318,nan,nan
1000000.0,8500.0,0.7330382858376184,nan,nan
1000000.0,8500.0,0.767944870877505,nan,nan
1000000.0,8500.0,0.8028514559173916,nan,nan
1000000.0,8500.0,0.8377580409572782,nan,nan
1000000.0,8500.0,0.8726646259971648,nan,nan
1000000.0,8500.0,0.9075712110370514,nan,nan
1000000.0,8500.0,0.9424777960769379,nan,nan
1000000.0,8500.0,0.9773843811168246,nan,nan
1000000.0,8500.0,1.0122909661567112,nan,nan
1000000.0,8500.0,1.0471975511965976,nan,nan
1000000.0,8500.0,1.0821041362364843,nan,nan
1000000.0,8500.0,1.117010721276371,nan,nan
1000000.0,8500.0,1.1519173063162575,nan,nan
1000000.0,8500.0,1.1868238913561442,nan,nan
1000000.0,8500.0,1.2217304763960306,nan,nan
1000000.0,8500.0,1.2566370614359172,nan,nan
1000000.0,8500.0,1.2915436464758039,nan,nan
1000000.0,8500.0,1.3264502315156905,nan,nan
1000000.0,8500.0,1.361356816555577,nan,nan
1000000.0,8500.0,1.3962634015954636,nan,nan
1000000.0,8500.0,1.4311699866353502,nan,nan
1000000.0,8500.0,1.4660765716752369,nan,nan
1000000.0,8500.0,1.5009831567151235,nan,nan
1000000.0,8500.0,1.53588974175501,nan,nan
1000000.0,9000.0,0.3490658503988659,nan,nan
1000000.0,9000.0,0.3839724354387525,nan,nan
1000000.0,9000.0,0.4188790204786391,nan,nan
1000000.0,9000.0,0.4537856055185257,nan,nan
1000000.0,9000.0,0.4886921905584123,nan,nan
1000000.0,9000.0,0.5235987755982988,nan,nan
1000000.0,9000.0,0.5585053606381855,nan,nan
1000000.0,9000.0,0.5934119456780721,nan,nan
1000000.0,9000.0,0.6283185307179586,nan,nan
1000000.0,9000.0,0.6632251157578453,nan,nan
1000000.0,9000.0,0.6981317007977318,nan,nan
1000000.0,9000.0,0.7330382858376184,nan,nan
1000000.0,9000.0,0.767944870877505,nan,nan
1000000.0,9000.0,0.8028514559173916,nan,nan
1000000.0,9000.0,0.8377580409572782,nan,nan
1000000.0,9000.0,0.8726646259971648,nan,nan
1000000.0,9000.0,0.9075712110370514,nan,nan
1000000.0,9000.0,0.9424777960769379,nan,nan
1000000.0,9000.0,0.9773843811168246,nan,nan
1000000.0,9000.0,1.0122909661567112,nan,nan
1000000.0,9000.0,1.0471975511965976,nan,nan
1000000.0,9000.0,1.0821041362364843,nan,nan
1000000.0,9000.0,1.117010721276371,nan,nan
1000000.0,9000.0,1.1519173063162575,nan,nan
1000000.0,9000.0,1.1868238913561442,nan,nan
1000000.0,9000.0,1.2217304763960306,nan,nan
1000000.0,9000.0,1.2566370614359172,nan,nan
1000000.0,9000.0,1.2915436464758039,nan,nan
1000000.0,9000.0,1.3264502315156905,nan,nan
1000000.0,9000.0,1.361356816555577,nan,nan
1000000.0,9000.0,1.3962634015954636,nan,nan
1000000.0,9000.0,1.4311699866353502,nan,nan
1000000.0,9000.0,1.4660765716752369,nan,nan
1000000.0,9000.0,1.5009831567151235,nan,nan
1000000.0,9000.0,1.53588974175501,nan,nan
1000000.0,9500.0,0.3490658503988659,nan,nan
1000000.0,9500.0,0.3839724354387525,nan,nan
1000000.0,9500.0,0.4188790204786391,nan,nan
1000000.0,9500.0,0.4537856055185257,nan,nan
1000000.0,9500.0,0.4886921905584123,nan,nan
1000000.0,9500.0,0.5235987755982988,nan,nan
1000000.0,9500.0,0.5585053606381855,nan,nan
1000000.0,9500.0,0.5934119456780721,nan,nan
1000000.0,9500.0,0.6283185307179586,nan,nan
1000000.0,9500.0,0.6632251157578453,nan,nan
1000000.0,9500.0,0.6981317007977318,nan,nan
1000000.0,9500.0,0.7330382858376184,nan,nan
1000000.0,9500.0,0.767944870877505,nan,nan
1000000.0,9500.0,0.8028514559173916,nan,nan
1000000.0,9500.0,0.8377580409572782,nan,nan
1000000.0,9500.0,0.8726646259971648,nan,nan
1000000.0,9500.0,0.9075712110370514,nan,nan
1000000.0,9500.0,0.9424777960769379,nan,nan
1000000.0,9500.0,0.9773843811168246,nan,nan
1000000.0,9500.0,1.0122909661567112,nan,nan
1000000.0,9500.0,1.0471975511965976,nan,nan
1000000.0,9500.0,1.0821041362364843,nan,nan
1000000.0,9500.0,1.117010721276371,nan,nan
1000000.0,9500.0,1.1519173063162575,nan,nan
1000000.0,9500.0,1.1868238913561442,nan,nan
1000000.0,9500.0,1.2217304763960306,nan,nan
1000000.0,9500.0,1.2566370614359172,nan,nan
1000000.0,9500.0,1.2915436464758039,nan,nan
1000000.0,9500.0,1.3264502315156905,nan,nan
1000000.0,9500.0,1.361356816555577,nan,nan
1000000.0,9500.0,1.3962634015954636,nan,nan
1000000.0,9500.0,1.4311699866353502,nan,nan
1000000.0,9500.0,1.4660765716752369,nan,nan
1000000.0,9500.0,1.5009831567151235,nan,nan
1000000.0,9500.0,1.53588974175501,nan,nan
1000000.0,10000.0,0.3490658503988659,nan,nan
1000000.0,10000.0,0.3839724354387525,nan,nan
1000000.0,10000.0,0.4188790204786391,nan,nan
1000000.0,10000.0,0.4537856055185257,nan,nan
1000000.0,10000.0,0.4886921905584123,nan,nan
1000000.0,10000.0,0.5235987755982988,nan,nan
1000000.0,10000.0,0.5585053606381855,nan,nan
1000000.0,10000.0,0.5934119456780721,nan,nan
1000000.0,10000.0,0.6283185307179586,nan,nan
1000000.0,10000.0,0.6632251157578453,nan,nan
1000000.0,10000.0,0.6981317007977318,nan,nan
1000000.0,10000.0,0.7330382858376184,nan,nan
1000000.0,10000.0,0.767944870877505,nan,nan
1000000.0,10000.0,0.8028514559173916,nan,nan
1000000.0,10000.0,0.8377580409572782,nan,nan
1000000.0,10000.0,0.8726646259971648,nan,nan
1000000.0,10000.0,0.9075712110370514,nan,nan
1000000.0,10000.0,0.9424777960769379,nan,nan
1000000.0,10000.0,0.9773843811168246,nan,nan
1000000.0,10000.0,1.0122909661567112,nan,nan
1000000.0,10000.0,1.0471975511965976,nan,nan
1000000.0,10000.0,1.0821041362364843,nan,nan
1000000.0,10000.0,1.117010721276371,nan,nan
1000000.0,10000.0,1.1519173063162575,nan,nan
1000000.0,10000.0,1.1868238913561442,nan,nan
1000000.0,10000.0,1.2217304763960306,nan,nan
1000000.0,10000.0,1.2566370614359172,nan,nan
1000000.0,10000.0,1.2915436464758039,nan,nan
1000000.0,10000.0,1.3264502315156905,nan,nan
1000000.0,10000.0,1.361356816555577,nan,nan
1000000.0,10000.0,1.3962634015954636,nan,nan
1000000.0,10000.0,1.4311699866353502,nan,nan
1000000.0,10000.0,1.4660765716752369,nan,nan
1000000.0,10000.0,1.5009831567151235,nan,nan
1000000.0,10000.0,1.53588974175501,nan,nan
1000000.0,10500.0,0.3490658503988659,nan,nan
1000000.0,10500.0,0.3839724354387525,nan,nan
1000000.0,10500.0,0.4188790204786391,nan,nan
1000000.0,10500.0,0.4537856055185257,nan,nan
1000000.0,10500.0,0.4886921905584123,nan,nan
1000000.0,10500.0,0.5235987755982988,nan,nan
1000000.0,10500.0,0.5585053606381855,nan,nan
1000000.0,10500.0,0.5934119456780721,nan,nan
1000000.0,10500.0,0.6283185307179586,nan,nan
1000000.0,10500.0,0.6632251157578453,nan,nan
1000000.0,10500.0,0.6981317007977318,nan,nan
1000000.0,10500.0,0.7330382858376184,nan,nan
1000000.0,10500.0,0.767944870877505,nan,nan
1000000.0,10500.0,0.8028514559173916,nan,nan
1000000.0,10500.0,0.8377580409572782,nan,nan
1000000.0,10500.0,0.8726646259971648,nan,nan
1000000.0,10500.0,0.9075712110370514,nan,nan
1000000.0,10500.0,0.9424777960769379,nan,nan
1000000.0,10500.0,0.9773843811168246,nan,nan
1000000.0,10500.0,1.0122909661567112,nan,nan
1000000.0,10500.0,1.0471975511965976,nan,nan
1000000.0,10500.0,1.0821041362364843,nan,nan
1000000.0,10500.0,1.117010721276371,nan,nan
1000000.0,10500.0,1.1519173063162575,nan,nan
1000000.0,10500.0,1.1868238913561442,nan,nan
1000000.0,10500.0,1.2217304763960306,nan,nan
1000000.0,10500.0,1.2566370614359172,nan,nan
1000000.0,10500.0,1.2915436464758039,nan,nan
1000000.0,10500.0,1.3264502315156905,nan,nan
1000000.0,10500.0,1.361356816555577,nan,nan
1000000.0,10500.0,1.3962634015954636,nan,nan
1000000.0,10500.0,1.4311699866353502,nan,nan
1000000.0,10500.0,1.4660765716752369,nan,nan
1000000.0,10500.0,1.5009831567151235,nan,nan
1000000.0,10500.0,1.53588974175501,nan,nan
1500000.0,0.0,0.3490658503988659,0.0,0.0
1500000.0,0.0,0.3839724354387525,0.0,0.0
1500000.0,0.0,0.4188790204786391,0.0,0.0
1500000.0,0.0,0.4537856055185257,0.0,0.0
1500000.0,0.0,0.4886921905584123,0.0,0.0
1500000.0,0.0,0.5235987755982988,0.0,0.0
1500000.0,0.0,0.5585053606381855,0.0,0.0
1500000.0,0.0,0.5934119456780721,0.0,0.0
1500000.0,0.0,0.6283185307179586,0.0,0.0
1500000.0,0.0,0.6632251157578453,0.0,0.0
1500000.0,0.0,0.6981317007977318,0.0,0.0
1500000.0,0.0,0.7330382858376184,0.0,0.0
1500000.0,0.0,0.767944870877505,0.0,0.0
1500000.0,0.0,0.8028514559173916,0.0,0.0
1500000.0,0.0,0.8377580409572782,0.0,0.0
1500000.0,0.0,0.8726646259971648,0.0,0.0
1500000.0,0.0,0.9075712110370514,0.0,0.0
1500000.0,0.0,0.9424777960769379,0.0,0.0
1500000.0,0.0,0.9773843811168246,0.0,0.0
1500000.0,0.0,1.0122909661567112,0.0,0.0
1500000.0,0.0,1.0471975511965976,0.0,0.0
1500000.0,0.0,1.0821041362364843,0.0,0.0
1500000.0,0.0,1.117010721276371,0.0,0.0
1500000.0,0.0,1.1519173063162575,0.0,0.0
1500000.0,0.0,1.1868238913561442,0.0,0.0
1500000.0,0.0,1.2217304763960306,0.0,0.0
1500000.0,0.0,1.2566370614359172,0.0,0.0
1500000.0,0.0,1.2915436464758039,0.0,0.0
1500000.0,0.0,1.3264502315156905,0.0,0.0
1500000.0,0.0,1.361356816555577,0.0,0.0
1500000.0,0.0,1.3962634015954636,0.0,0.0
1500000.0,0.0,1.4311699866353502,0.0,0.0
1500000.0,0.0,1.4660765716752369,0.0,0.0
1500000.0,0.0,1.5009831567151235,0.0,0.0
1500000.0,0.0,1.53588974175501,0.0,0.0
1500000.0,500.0,0.3490658503988659,0.0471025825905326,300.0905536842832
1500000.0,500.0,0.3839724354387525,0.046604372315819764,296.9164560240877
1500000.0,500.0,0.4188790204786391,0.0460409447745851,293.32685915888163
1500000.0,500.0,0.4537856055185257,0.04549578849786457,289.85366851989517
1500000.0,500.0,0.4886921905584123,0.044814810020012925,285.51515463750235
1500000.0,500.0,0.5235987755982988,0.044071237265249766,280.7778526169063
1500000.0,500.0,0.5585053606381855,0.04326622106693731,275.6490944174576
1500000.0,500.0,0.5934119456780721,0.042475582252789565,270.61193453252235
1500000.0,500.0,0.6283185307179586,0.04155704715245409,264.759947408285
1500000.0,500.0,0.6632251157578453,0.04058036378297239,258.5374976613171
1500000.0,500.0,0.6981317007977318,0.03954693775871942,251.95354046080143
1500000.0,500.0,0.7330382858376184,0.038458234977882096,245.01741504408685
1500000.0,500.0,0.767944870877505,0.0373157345091081,237.7385445575277
1500000.0,500.0,0.8028514559173916,0.03612089488044902,230.1262212833407
1500000.0,500.0,0.8377580409572782,0.034875134825546876,222.18948397355913
1500000.0,500.0,0.8726646259971648,0.03357982688396758,213.93707707775746
1500000.0,500.0,0.9075712110370514,0.03223630255759001,205.37748359440596
1500000.0,500.0,0.9424777960769379,0.030845869988275626,196.51903769530404
1500000.0,500.0,0.9773843811168246,0.029409847421431212,187.37013792193827
1500000.0,500.0,1.0122909661567112,0.027929615333384505,177.9395792889927
1500000.0,500.0,1.0471975511965976,0.026365789575209,167.97644538365654
1500000.0,500.0,1.0821041362364843,0.024809721860217054,158.06273797144283
1500000.0,500.0,1.117010721276371,0.023213811023314317,147.8951900295355
1500000.0,500.0,1.1519173063162575,0.021546343735329883,137.27175593778668
1500000.0,500.0,1.1868238913561442,0.019885520485922882,126.69065101581468
1500000.0,500.0,1.2217304763960306,0.018159805835040534,115.69612297504324
1500000.0,500.0,1.2566370614359172,0.016441219250205637,104.74700784306012
1500000.0,500.0,1.2915436464758039,0.014668127278046674,93.45063888843536
1500000.0,500.0,1.3264502315156905,0.012898898319467412,82.17888119332687
1500000.0,500.0,1.361356816555577,0.011087946241629816,70.64130550542356
1500000.0,500.0,1.3962634015954636,0.0092616464686024,59.00594965146589
1500000.0,500.0,1.4311699866353502,0.007436309292347656,47.37672650154692
1500000.0,500.0,1.4660765716752369,0.005586017752738212,35.588519102695145
1500000.0,500.0,1.5009831567151235,0.003728138785921516,23.75197220510598
1500000.0,500.0,1.53588974175501,0.0018652953059080314,11.883796393940068
1500000.0,1000.0,0.3490658503988659,0.0982650325424598,626.0465223280113
1500000.0,1000.0,0.3839724354387525,0.09745317482761265,620.8741768267203
1500000.0,1000.0,0.4188790204786391,0.09667827890653785,615.9373149135527
1500000.0,1000.0,0.4537856055185257,0.09575523496970188,610.0566019919706
1500000.0,1000.0,0.4886921905584123,0.09468242064897167,603.2217019545985
1500000.0,1000.0,0.5235987755982988,0.09332426575071522,594.5688970978067
1500000.0,1000.0,0.5585053606381855,0.0919771023569822,585.9861191163335
1500000.0,1000.0,0.5934119456780721,0.0903342524605962,575.5195224264585
1500000.0,1000.0,0.6283185307179586,0.08871233190721778,565.1862665808844
1500000.0,1000.0,0.6632251157578453,0.08679878957543344,552.9950883850864
1500000.0,1000.0,0.6981317007977318,0.0848988475021671,540.8905574363066
1500000.0,1000.0,0.7330382858376184,0.08272635099308899,527.0495821769699
1500000.0,1000.0,0.767944870877505,0.0804197258013574,512.354073080448
1500000.0,1000.0,0.8028514559173916,0.07811820531538621,497.6910860643256
1500000.0,1000.0,0.8377580409572782,0.07556685428636026,481.4364286584012
1500000.0,1000.0,0.8726646259971648,0.07289333854335776,464.4034598597323
1500000.0,1000.0,0.9075712110370514,0.07010158494974657,446.6171977148354
1500000.0,1000.0,0.9424777960769379,0.06719470395380235,428.0974588896748
1500000.0,1000.0,0.9773843811168246,0.06417508656338552,408.85947649532915
1500000.0,1000.0,1.0122909661567112,0.06095915695150762,388.37078893805506
1500000.0,1000.0,1.0471975511965976,0.05773924729268383,367.8567445016887
1500000.0,1000.0,1.0821041362364843,0.054412390976201055,346.66134290937697
1500000.0,1000.0,1.117010721276371,0.05092223140506168,324.4255362816479
1500000.0,1000.0,1.1519173063162575,0.04734490451975377,301.6343866953513
1500000.0,1000.0,1.1868238913561442,0.04376008723286456,278.7955157605801
1500000.0,1000.0,1.2217304763960306,0.040034965002059,255.06276202811787
1500000.0,1000.0,1.2566370614359172,0.036242636554377185,230.90183748793703
1500000.0,1000.0,1.2915436464758039,0.03238882020789401,206.34917354449274
1500000.0,1000.0,1.3264502315156905,0.028478472145179384,181.43634603693783
1500000.0,1000.0,1.361356816555577,0.02448262650543973,155.9788134661565
1500000.0,1000.0,1.3962634015954636,0.020484604956053344,130.50741817501586
1500000.0,1000.0,1.4311699866353502,0.016419676347134867,104.60975800759623
1500000.0,1000.0,1.4660765716752369,0.01235366940158411,78.70522775749237
1500000.0,1000.0,1.5009831567151235,0.00824509987823806,52.52953132425468
1500000.0,1000.0,1.53588974175501,0.0041252146259139295,26.281742381697644
1500000.0,1500.0,0.3490658503988659,0.15456309177646263,984.7214577078433
1500000.0,1500.0,0.3839724354387525,0.15386165999829393,980.2526358491307
1500000.0,1500.0,0.4188790204786391,0.1531691620815043,975.8407316212639
1500000.0,1500.0,0.4537856055185257,0.15199918292653808,968.3867944249741
1500000.0,1500.0,0.4886921905584123,0.1505765400775528,959.3231368340889
1500000.0,1500.0,0.5235987755982988,0.14913537181106806,950.1414538083146
1500000.0,1500.0,0.5585053606381855,0.1472349038919876,938.033572695853
1500000.0,1500.0,0.5934119456780721,0.1450865173288981,924.3462019024098
1500000.0,1500.0,0.6283185307179586,0.14269279041725835,909.095767748353
1500000.0,1500.0,0.6632251157578453,0.14005543896148795,892.2932016236397
1500000.0,1500.0,0.6981317007977318,0.1371747972931157,873.9406335544402
1500000.0,1500.0,0.7330382858376184,0.13386077855596928,852.8270201800804
1500000.0,1500.0,0.767944870877505,0.13052481837536947,831.5736178694789
1500000.0,1500.0,0.8028514559173916,0.12694204926656366,808.747795877277
1500000.0,1500.0,0.8377580409572782,0.12296314309773844,783.3981846756916
1500000.0,1500.0,0.8726646259971648,0.11892515194876617,757.6721430655892
1500000.0,1500.0,0.9075712110370514,0.11452346368268436,729.628987122382
1500000.0,1500.0,0.9424777960769379,0.10991393310502316,700.2616678121026
1500000.0,1500.0,0.9773843811168246,0.10510480606164539,669.6227194187428
1500000.0,1500.0,1.0122909661567112,0.10010080316387185,637.7422169570276
1500000.0,1500.0,1.0471975511965976,0.09479362852051917,603.9302073042277
1500000.0,1500.0,1.0821041362364843,0.0894379363022453,569.8090921816048
1500000.0,1500.0,1.117010721276371,0.08380150669016076,533.8993991230142
1500000.0,1500.0,1.1519173063162575,0.07801260276114143,497.01829219123204
1500000.0,1500.0,1.1868238913561442,0.07208500152688474,459.25354472778264
1500000.0,1500.0,1.2217304763960306,0.06602722162569306,420.65942897729053
1500000.0,1500.0,1.2566370614359172,0.059843722903167605,381.2643586160808
1500000.0,1500.0,1.2915436464758039,0.0534695301883535,340.65437683000016
1500000.0,1500.0,1.3264502315156905,0.04707298022292175,299.90195700023446
1500000.0,1500.0,1.361356816555577,0.040522155370449786,258.1666518651356
1500000.0,1500.0,1.3962634015954636,0.033897678415547396,215.96210918545245
1500000.0,1500.0,1.4311699866353502,0.027208896820596348,173.34788164401934
1500000.0,1500.0,1.4660765716752369,0.02043811096311372,130.2112049459975
1500000.0,1500.0,1.5009831567151235,0.013659596811369662,87.02529128523612
1500000.0,1500.0,1.53588974175501,0.0068344229647854735,43.54210870864825
1500000.0,2000.0,0.3490658503988659,0.21746886365053728,1385.494130317573
1500000.0,2000.0,0.3839724354387525,0.21748789909944669,1385.6154051625747
1500000.0,2000.0,0.4188790204786391,0.2168478739812446,1381.5378051345094
1500000.0,2000.0,0.4537856055185257,0.2158280667837022,1375.0406134789669
1500000.0,2000.0,0.4886921905584123,0.21442707924612614,1366.1149218770697
1500000.0,2000.0,0.5235987755982988,0.21264444833146973,1354.7577803197937
1500000.0,2000.0,0.5585053606381855,0.2104792520953592,1340.9633150995335
1500000.0,2000.0,0.5934119456780721,0.20792878271004864,1324.7142746457198
1500000.0,2000.0,0.6283185307179586,0.204987734452361,1305.9768561959918
1500000.0,2000.0,0.6632251157578453,0.20140802611251685,1283.1705343628448
1500000.0,2000.0,0.6981317007977318,0.1977213748623368,1259.6828792479475
1500000.0,2000.0,0.7330382858376184,0.19339854575815787,1232.1421350252238
1500000.0,2000.0,0.767944870877505,0.1889489184001603,1203.793559127421
1500000.0,2000.0,0.8028514559173916,0.1839113045363322,1171.6989212009726
1500000.0,2000.0,0.8377580409572782,0.17851604733215948,1137.3257375531882
1500000.0,2000.0,0.8726646259971648,0.17256885037855255,1099.4361457617583
1500000.0,2000.0,0.9075712110370514,0.16651223589887304,1060.8494549117202
1500000.0,2000.0,0.9424777960769379,0.15991767342111315,1018.8354973659119
1500000.0,2000.0,0.9773843811168246,0.15321151339994454,976.1105518710467
1500000.0,2000.0,1.0122909661567112,0.14602108930127325,930.3003599384118
1500000.0,2000.0,1.0471975511965976,0.13838335204538982,881.6403358811785
1500000.0,2000.0,1.0821041362364843,0.13065342794032078,832.3929894077837
1500000.0,2000.0,1.117010721276371,0.12250536179207418,780.4816599773046
1500000.0,2000.0,1.1519173063162575,0.11412700795359508,727.1031676723543
1500000.0,2000.0,1.1868238913561442,0.10553722366884842,672.3776519942332
1500000.0,2000.0,1.2217304763960306,0.0967409426891341,616.3365458724733
1500000.0,2000.0,1.2566370614359172,0.0876361929930267,558.3301855585731
1500000.0,2000.0,1.2915436464758039,0.07846945783267598,499.9289158519786
1500000.0,2000.0,1.3264502315156905,0.06904824011004086,439.90633774107033
1500000.0,2000.0,1.361356816555577,0.05942594218036312,378.60267763109346
1500000.0,2000.0,1.3962634015954636,0.0497553963019081,316.99162983945655
1500000.0,2000.0,1.4311699866353502,0.039930181526462265,254.3951865050911
1500000.0,2000.0,1.4660765716752369,0.030027741833169575,191.30674321912338
1500000.0,2000.0,1.5009831567151235,0.020039826715463078,127.67373600421527
1500000.0,2000.0,1.53588974175501,0.01003836697071073,63.954435970398066
1500000.0,2500.0,0.3490658503988659,0.2893162487462711,1843.2338207624932
1500000.0,2500.0,0.3839724354387525,0.28970181873245854,1845.6902871444934
1500000.0,2500.0,0.4188790204786391,0.2899052872737685,1846.9865852211792
1500000.0,2500.0,0.4537856055185257,0.28921973291312797,1842.6189183895383
1500000.0,2500.0,0.4886921905584123,0.28796698314189434,1834.637649597009
1500000.0,2500.0,0.5235987755982988,0.28615072537003006,1823.0662713324614
1500000.0,2500.0,0.5585053606381855,0.2837754989164644,1807.9337035967947
1500000.0,2500.0,0.5934119456780721,0.2808420817903753,1789.244903086481
1500000.0,2500.0,0.6283185307179586,0.27734379674583565,1766.957329067719
1500000.0,2500.0,0.6632251157578453,0.27326562374313307,1740.975288867501
1500000.0,2500.0,0.6981317007977318,0.26835166767854896,1709.6684747800355
1500000.0,2500.0,0.7330382858376184,0.2628806390854735,1674.8125516135515
1500000.0,2500.0,0.767944870877505,0.25688365289028925,1636.6057525640329
1500000.0,2500.0,0.8028514559173916,0.2503748249131724,1595.1380095218215
1500000.0,2500.0,0.8377580409572782,0.24334658849163912,1550.3611152802328
1500000.0,2500.0,0.8726646259971648,0.2355616672498052,1500.7633820485091
1500000.0,2500.0,0.9075712110370514,0.22730160424421245,1448.1385206398775
1500000.0,2500.0,0.9424777960769379,0.21859450560872754,1392.6655952332032
1500000.0,2500.0,0.9773843811168246,0.20943945718469717,1334.3387817237056
1500000.0,2500.0,1.0122909661567112,0.19964332866227386,1271.9276469073468
1500000.0,2500.0,1.0471975511965976,0.18945288001519606,1207.004298576814
1500000.0,2500.0,1.0821041362364843,0.17888867777984716,1139.6997661354062
1500000.0,2500.0,1.117010721276371,0.16777456880714767,1068.8917778703378
1500000.0,2500.0,1.1519173063162575,0.15651405464260673,997.1510421280475
1500000.0,2500.0,1.1868238913561442,0.14461933282038156,921.3697693986509
1500000.0,2500.0,1.2217304763960306,0.13260787932855536,844.8447992022262
1500000.0,2500.0,1.2566370614359172,0.12018924769097024,765.7256970391713
1500000.0,2500.0,1.2915436464758039,0.1075418495007155,685.1491231690585
1500000.0,2500.0,1.3264502315156905,0.09467457294054929,603.1717042042395
1500000.0,2500.0,1.361356816555577,0.08153397216647056,519.452936672584
1500000.0,2500.0,1.3962634015954636,0.06823420115713141,434.72009557208423
1500000.0,2500.0,1.4311699866353502,0.05474248883443123,348.76439636416137
1500000.0,2500.0,1.4660765716752369,0.041154411071585684,262.19475293707234
1500000.0,2500.0,1.5009831567151235,0.02749266968048656,175.15579853437987
1500000.0,2500.0,1.53588974175501,0.013768845412066593,87.72131412027626
1500000.0,3000.0,0.3490658503988659,0.3722967631332994,2371.902677922251
1500000.0,3000.0,0.3839724354387525,0.3739725692551067,2382.579238724285
1500000.0,3000.0,0.4188790204786391,0.37487842998704896,2388.3504774474886
1500000.0,3000.0,0.4537856055185257,0.37499594737207553,2389.0991807074934
1500000.0,3000.0,0.4886921905584123,0.37430453527279806,2384.6941942229964
1500000.0,3000.0,0.5235987755982988,0.37243339916892376,2372.773186105213
1500000.0,3000.0,0.5585053606381855,0.37014388006321475,2358.186659882741
1500000.0,3000.0,0.5934119456780721,0.3666821784007893,2336.132158591429
1500000.0,3000.0,0.6283185307179586,0.3624212818596467,2308.985986727809
1500000.0,3000.0,0.6632251157578453,0.35737389082023435,2276.8290584157135
1500000.0,3000.0,0.6981317007977318,0.3511845345268548,2237.396669470592
1500000.0,3000.0,0.7330382858376184,0.3446275005802204,2195.621806196584
1500000.0,3000.0,0.767944870877505,0.33697350679527427,2146.8582117926926
1500000.0,3000.0,0.8028514559173916,0.3285934058870303,2093.46858890627
1500000.0,3000.0,0.8377580409572782,0.31922023151660783,2033.7520949923085
1500000.0,3000.0,0.8726646259971648,0.3091737850277951,1969.7461844120824
1500000.0,3000.0,0.9075712110370514,0.298503790936843,1901.7676520586267
1500000.0,3000.0,0.9424777960769379,0.2872016049911434,1829.7614253985744
1500000.0,3000.0,0.9773843811168246,0.27505154670625254,1752.353404065535
1500000.0,3000.0,1.0122909661567112,0.2623348576230636,1671.3353779165382
1500000.0,3000.0,1.0471975511965976,0.2488720697952261,1585.5639566653856
1500000.0,3000.0,1.0821041362364843,0.23491563855967088,1496.647533263663
1500000.0,3000.0,1.117010721276371,0.22049361269983472,1404.764806510647
1500000.0,3000.0,1.1519173063162575,0.20544972598355846,1308.920204241251
1500000.0,3000.0,1.1868238913561442,0.19000934573628014,1210.5495416858407
1500000.0,3000.0,1.2217304763960306,0.17403661627959668,1108.7872823173107
1500000.0,3000.0,1.2566370614359172,0.1577475155904716,1005.0094218268945
1500000.0,3000.0,1.2915436464758039,0.14116678514275383,899.3735881444846
1500000.0,3000.0,1.3264502315156905,0.12418607555521735,791.1894873622898
1500000.0,3000.0,1.361356816555577,0.10698010529845026,681.5702508564266
1500000.0,3000.0,1.3962634015954636,0.08947888867219773,570.0699997305718
1500000.0,3000.0,1.4311699866353502,0.07182506404414955,457.5974830252768
1500000.0,3000.0,1.4660765716752369,0.05403194273360924,344.2375071558245
1500000.0,3000.0,1.5009831567151235,0.03608486246011392,229.89665873338578
1500000.0,3000.0,1.53588974175501,0.01804999282688409,114.99650430007854
1500000.0,3500.0,0.3490658503988659,0.4710211846206536,3000.8759672181845
1500000.0,3500.0,0.3839724354387525,0.4741625916168416,3020.889871190898
1500000.0,3500.0,0.4188790204786391,0.4762154188627508,3033.968433574585
1500000.0,3500.0,0.4537856055185257,0.4771577402654734,3039.9719632313313
1500000.0,3500.0,0.4886921905584123,0.47696188204930096,3038.724150536096
1500000.0,3500.0,0.5235987755982988,0.47524806569049655,3027.805426514153
1500000.0,3500.0,0.5585053606381855,0.47239763181768996,3009.645312310503
1500000.0,3500.0,0.5934119456780721,0.4684547364518594,2984.5251259347965
1500000.0,3500.0,0.6283185307179586,0.4634285753100915,2952.503453300593
1500000.0,3500.0,0.6632251157578453,0.4569131752018121,2910.993839210745
1500000.0,3500.0,0.6981317007977318,0.44937218035753207,2862.950161057837
1500000.0,3500.0,0.7330382858376184,0.4408446701932329,2808.621393801087
1500000.0,3500.0,0.767944870877505,0.4309282497521358,2745.4438791708567
1500000.0,3500.0,0.8028514559173916,0.42010580913856715,2676.4941100218116
1500000.0,3500.0,0.8377580409572782,0.40839298220358555,2601.8716896190435
1500000.0,3500.0,0.8726646259971648,0.39545781229812194,2519.461722151335
1500000.0,3500.0,0.9075712110370514,0.38170212607601084,2431.8242452302648
1500000.0,3500.0,0.9424777960769379,0.36686389490402604,2337.2898744335503
1500000.0,3500.0,0.9773843811168246,0.3512916822713537,2238.0793077507947
1500000.0,3500.0,1.0122909661567112,0.3347463389108705,2132.668925201156
1500000.0,3500.0,1.0471975511965976,0.3175678678595444,2023.2248861331573
1500000.0,3500.0,1.0821041362364843,0.2995120070023924,1908.1909966122419
1500000.0,3500.0,1.117010721276371,0.2809340400559717,1789.8307691965958
1500000.0,3500.0,1.1519173063162575,0.26183727054272893,1668.165250627726
1500000.0,3500.0,1.1868238913561442,0.2420348940698969,1542.0043101193132
1500000.0,3500.0,1.2217304763960306,0.22161796604076148,1411.9280616456913
1500000.0,3500.0,1.2566370614359172,0.20082047126583857,1279.4272224346576
1500000.0,3500.0,1.2915436464758039,0.17950442773437192,1143.6227090956834
1500000.0,3500.0,1.3264502315156905,0.15790990546867653,1006.0440077409382
1500000.0,3500.0,1.361356816555577,0.13603820771449554,866.699421349051
1500000.0,3500.0,1.3962634015954636,0.11380714267001657,725.0653059506757
1500000.0,3500.0,1.4311699866353502,0.09130478541304397,581.7027878665032
1500000.0,3500.0,1.4660765716752369,0.06865229600120569,437.3837778236815
1500000.0,3500.0,1.5009831567151235,0.04583493625109171,292.0143788557053
1500000.0,3500.0,1.53588974175501,0.022945143175739,146.18350717263317
1500000.0,4000.0,0.3490658503988659,0.5910997663076125,3765.8966111457994
1500000.0,4000.0,0.3839724354387525,0.5961870344384921,3798.3075964076334
1500000.0,4000.0,0.4188790204786391,0.5997060799778052,3820.727435538597
1500000.0,4000.0,0.4537856055185257,0.601211949173893,3830.321328186872
1500000.0,4000.0,0.4886921905584123,0.6011437395927048,3829.886764945122
1500000.0,4000.0,0.5235987755982988,0.5995389336029688,3819.6625459845145
1500000.0,4000.0,0.5585053606381855,0.595909854350029,3796.5416820640344
1500000.0,4000.0,0.5934119456780721,0.5913067656800587,3767.2154041476538
1500000.0,4000.0,0.6283185307179586,0.5843311822473137,3722.773962097636
1500000.0,4000.0,0.6632251157578453,0.5763983777811662,3672.23406484381
1500000.0,4000.0,0.6981317007977318,0.5662502031400015,3607.58004420495
1500000.0,4000.0,0.7330382858376184,0.5552573710649369,3537.544711054713
1500000.0,4000.0,0.767944870877505,0.5425858487180092,3456.814442182437
1500000.0,4000.0,0.8028514559173916,0.5283778687075656,3366.295401535901
1500000.0,4000.0,0.8377580409572782,0.5130359402706365,3268.5519754642246
1500000.0,4000.0,0.8726646259971648,0.4962978005482658,3161.9132872930013
1500000.0,4000.0,0.9075712110370514,0.478551601778626,3048.8522549316262
1500000.0,4000.0,0.9424777960769379,0.4595613911315872,2927.8656228993423
1500000.0,4000.0,0.9773843811168246,0.43937955839121684,2799.287166510442
1500000.0,4000.0,1.0122909661567112,0.418413066901719,2665.709649230852
1500000.0,4000.0,1.0471975511965976,0.396699107410014,2527.3700133091993
1500000.0,4000.0,1.0821041362364843,0.37371218079344676,2380.9203038350493
1500000.0,4000.0,1.117010721276371,0.3504164861699986,2232.5034333890612
1500000.0,4000.0,1.1519173063162575,0.32600509905430547,2076.97848607498
1500000.0,4000.0,1.1868238913561442,0.3010933728770706,1918.265878599817
1500000.0,4000.0,1.2217304763960306,0.2757205643935482,1756.6157157512955
1500000.0,4000.0,1.2566370614359172,0.24969246771972517,1590.790711842369
1500000.0,4000.0,1.2915436464758039,0.223118965228531,1421.490927470971
1500000.0,4000.0,1.3264502315156905,0.19604671902030404,1249.0136468783571
1500000.0,4000.0,1.361356816555577,0.16872285382425606,1074.9333017143354
1500000.0,4000.0,1.3962634015954636,0.14115964475205556,899.328096715346
1500000.0,4000.0,1.4311699866353502,0.11325803600264661,721.5669473728616
1500000.0,4000.0,1.4660765716752369,0.08511778563346227,542.2854122707881
1500000.0,4000.0,1.5009831567151235,0.05680633530818312,361.9131622484346
1500000.0,4000.0,1.53588974175501,0.028431262757283873,181.13557502665557
1500000.0,4500.0,0.3490658503988659,0.7421670920962539,4728.346543745233
1500000.0,4500.0,0.3839724354387525,0.7488085272098096,4770.659126853697
1500000.0,4500.0,0.4188790204786391,0.7532336852273894,4798.851808583699
1500000.0,4500.0,0.4537856055185257,0.7554864997851374,4813.20449013111
1500000.0,4500.0,0.4886921905584123,0.7550543364438358,4810.451177483678
1500000.0,4500.0,0.5235987755982988,0.7525463324014318,4794.472683729522
1500000.0,4500.0,0.5585053606381855,0.7474945861994636,4762.288008676783
1500000.0,4500.0,0.5934119456780721,0.7405124532188935,4717.804839457571
1500000.0,4500.0,0.6283185307179586,0.7311803265994482,4658.3498607650845
1500000.0,4500.0,0.6632251157578453,0.7195942407542355,4584.534907845235
1500000.0,4500.0,0.6981317007977318,0.7063801237498399,4500.34776841023
1500000.0,4500.0,0.7330382858376184,0.6911169941530135,4403.10636974885
1500000.0,4500.0,0.767944870877505,0.6743988472828342,4296.5950560389365
1500000.0,4500.0,0.8028514559173916,0.6558456797600278,4178.392825751137
1500000.0,4500.0,0.8377580409572782,0.6356166276539171,4049.513534783106
1500000.0,4500.0,0.8726646259971648,0.6137945794474718,3910.485265659843
1500000.0,4500.0,0.9075712110370514,0.5908812821211866,3764.50464839408
1500000.0,4500.0,0.9424777960769379,0.5665686133824726,3609.6086358597327
1500000.0,4500.0,0.9773843811168246,0.5409427293430605,3446.3461286446386
1500000.0,4500.0,1.0122909661567112,0.5145121174267446,3277.95670012579
1500000.0,4500.0,1.0471975511965976,0.486939767325572,3102.293257631219
1500000.0,4500.0,1.0821041362364843,0.45832695310597527,2920.0010182381684
1500000.0,4500.0,1.117010721276371,0.42910285143941296,2733.8142665205
1500000.0,4500.0,1.1519173063162575,0.39898414547667743,2541.927990831912
1500000.0,4500.0,1.1868238913561442,0.3680836119002256,2345.0606914163372
1500000.0,4500.0,1.2217304763960306,0.33645645763690113,2143.564091604697
1500000.0,4500.0,1.2566370614359172,0.30446197130353664,1939.7272191748318
1500000.0,4500.0,1.2915436464758039,0.2718730958881201,1732.1034939032131
1500000.0,4500.0,1.3264502315156905,0.23895501444091238,1522.3823970030528
1500000.0,4500.0,1.361356816555577,0.205441654789846,1308.8687826661087
1500000.0,4500.0,1.3962634015954636,0.1717103501763739,1093.966640973678
1500000.0,4500.0,1.4311699866353502,0.13766723782602874,877.0779721896291
1500000.0,4500.0,1.4660765716752369,0.10348012064979642,659.2718486598529
1500000.0,4500.0,1.5009831567151235,0.06908502781805355,440.14071222881915
1500000.0,4500.0,1.53588974175501,0.03456804599503963,220.2330210343975
1500000.0,5000.0,0.3490658503988659,0.9387562568020675,5980.816112085972
1500000.0,5000.0,0.3839724354387525,0.9466826973757042,6031.315464980612
1500000.0,5000.0,0.4188790204786391,0.9509287911235943,6058.367328248419
1500000.0,5000.0,0.4537856055185257,0.9521054743549301,6065.863977115259
1500000.0,5000.0,0.4886921905584123,0.9498436252707803,6051.453736600141
1500000.0,5000.0,0.5235987755982988,0.9443136002688881,6016.221947313086
1500000.0,5000.0,0.5585053606381855,0.9356756151353598,5961.189344027378
1500000.0,5000.0,0.5934119456780721,0.9240725043638092,5887.265925301828
1500000.0,5000.0,0.6283185307179586,0.9102615544975534,5799.276363703913
1500000.0,5000.0,0.6632251157578453,0.8938265615485325,5694.5690236257005
1500000.0,5000.0,0.6981317007977318,0.8749728252719575,5574.451869807641
1500000.0,5000.0,0.7330382858376184,0.8538805615419843,5440.0730575839825
1500000.0,5000.0,0.767944870877505,0.8307088770643651,5292.44625577707
1500000.0,5000.0,0.8028514559173916,0.8055905293779144,5132.417262666693
1500000.0,5000.0,0.8377580409572782,0.7791062484210294,4963.685908690378
1500000.0,5000.0,0.8726646259971648,0.7505346883396808,4781.656499412106
1500000.0,5000.0,0.9075712110370514,0.7208699774266988,4592.662626185498
1500000.0,5000.0,0.9424777960769379,0.6897724453777523,4394.54024950166
1500000.0,5000.0,0.9773843811168246,0.6573559766195115,4188.014927042908
1500000.0,5000.0,1.0122909661567112,0.6241486918473191,3976.4513157592705
1500000.0,5000.0,1.0471975511965976,0.5894506407958412,3755.3900325103045
1500000.0,5000.0,1.0821041362364843,0.5541244966519413,3530.327168169518
1500000.0,5000.0,1.117010721276371,0.5178609456682002,3299.292084852103
1500000.0,5000.0,1.1519173063162575,0.480761927281189,3062.9342387084553
1500000.0,5000.0,1.1868238913561442,0.44289621503466425,2821.691785985846
1500000.0,5000.0,1.2217304763960306,0.4046717414959594,2578.1636650707574
1500000.0,5000.0,1.2566370614359172,0.36578635833484074,2330.4248889512705
1500000.0,5000.0,1.2915436464758039,0.3263589280162524,2079.232730391544
1500000.0,5000.0,1.3264502315156905,0.28647192417825906,1825.1126289396884
1500000.0,5000.0,1.361356816555577,0.24618988143040857,1568.475734593133
1500000.0,5000.0,1.3962634015954636,0.20556402341572552,1309.6483931815874
1500000.0,5000.0,1.4311699866353502,0.16480255796107007,1049.9570967699774
1500000.0,5000.0,1.4660765716752369,0.12379265808909627,788.6830246856323
1500000.0,5000.0,1.5009831567151235,0.08261206488169379,526.3214653612712
1500000.0,5000.0,1.53588974175501,0.041325820273251004,263.28680096088215
1500000.0,5500.0,0.3490658503988659,1.2053305169582558,7679.160723541047
1500000.0,5500.0,0.3839724354387525,1.2109973285859166,7715.263980420875
1500000.0,5500.0,0.4188790204786391,1.2117404468910218,7719.9983871427
1500000.0,5500.0,0.4537856055185257,1.207916728453214,7695.637476975426
1500000.0,5500.0,0.4886921905584123,1.1998486754885267,7644.235911537403
1500000.0,5500.0,0.5235987755982988,1.1873818061467742,7564.809486961099
1500000.0,5500.0,0.5585053606381855,1.1713278949237298,7462.530018559082
1500000.0,5500.0,0.5934119456780721,1.1520156431597557,7339.491662570804
1500000.0,5500.0,0.6283185307179586,1.1297329137394396,7197.5283934339695
1500000.0,5500.0,0.6632251157578453,1.1047315483231324,7038.244694366676
1500000.0,5500.0,0.6981317007977318,1.0772382571466326,6863.084936281196
1500000.0,5500.0,0.7330382858376184,1.0469693724750688,6670.241872038663
1500000.0,5500.0,0.767944870877505,1.0152046642445003,6467.868915901711
1500000.0,5500.0,0.8028514559173916,0.9815311179102029,6253.334752205903
1500000.0,5500.0,0.8377580409572782,0.9461233513855947,6027.751871677624
1500000.0,5500.0,0.8726646259971648,0.908739606929684,5789.580035749017
1500000.0,5500.0,0.9075712110370514,0.8704055646887371,5545.353852631944
1500000.0,5500.0,0.9424777960769379,0.8307682711061285,5292.824655217145
1500000.0,5500.0,0.9773843811168246,0.7899552106920389,5032.80464731898
1500000.0,5500.0,1.0122909661567112,0.748080422115176,4766.020369295786
1500000.0,5500.0,1.0471975511965976,0.7052448542185614,4493.114966226455
1500000.0,5500.0,1.0821041362364843,0.6615361206183236,4214.646624459339
1500000.0,5500.0,1.117010721276371,0.6170272819718943,3931.0808134429385
1500000.0,5500.0,1.1519173063162575,0.5721712811035153,3645.303231910496
1500000.0,5500.0,1.1868238913561442,0.5263487453234212,3353.3678564555166
1500000.0,5500.0,1.2217304763960306,0.48023466124595077,3059.575026797952
1500000.0,5500.0,1.2566370614359172,0.43335298421969426,2760.891862463672
1500000.0,5500.0,1.2915436464758039,0.3862941215629758,2461.0798484777188
1500000.0,5500.0,1.3264502315156905,0.33881906821738905,2158.6162836129856
1500000.0,5500.0,1.361356816555577,0.29100097471930525,1853.9672099366937
1500000.0,5500.0,1.3962634015954636,0.24290067979454286,1547.5202309710326
1500000.0,5500.0,1.4311699866353502,0.19457202078532437,1239.6183444233016
1500000.0,5500.0,1.4660765716752369,0.146065210416623,930.5814555643051
1500000.0,5500.0,1.5009831567151235,0.09742989054640538,620.7258326711487
1500000.0,5500.0,1.53588974175501,0.0487542327051384,310.61321656443675
1500000.0,6000.0,0.3490658503988659,1.5818925537569344,10078.23745998543
1500000.0,6000.0,0.3839724354387525,1.5759078354346656,10040.108819554254
1500000.0,6000.0,0.4188790204786391,1.5641328724741494,9965.090530532805
1500000.0,6000.0,0.4537856055185257,1.5462391629864627,9851.089707386755
1500000.0,6000.0,0.4886921905584123,1.5239317336625078,9708.969075163837
1500000.0,6000.0,0.5235987755982988,1.4977565745770371,9542.207136630304
1500000.0,6000.0,0.5585053606381855,1.4676341162375748,9350.296954549589
1500000.0,6000.0,0.5934119456780721,1.4340036871777098,9136.037491009189
1500000.0,6000.0,0.6283185307179586,1.3977087608786216,8904.8025155577
1500000.0,6000.0,0.6632251157578453,1.3591014431831343,8658.83529451975
1500000.0,6000.0,0.6981317007977318,1.3184442373854852,8399.808236382925
1500000.0,6000.0,0.7330382858376184,1.2759355180578102,8128.9851855463085
1500000.0,6000.0,0.767944870877505,1.2312245155838542,7844.131388784735
1500000.0,6000.0,0.8028514559173916,1.185650341975991,7553.778328729039
1500000.0,6000.0,0.8377580409572782,1.1381743106600428,7251.308533215132
1500000.0,6000.0,0.8726646259971648,1.0901125066599746,6945.106779930698
1500000.0,6000.0,0.9075712110370514,1.0404438091421235,6628.667508044469
1500000.0,6000.0,0.9424777960769379,0.9903472228384614,6309.502156703838
1500000.0,6000.0,0.9773843811168246,0.9389229618778466,5981.878190123761
1500000.0,6000.0,1.0122909661567112,0.8871736790757973,5652.1835093919035
1500000.0,6000.0,1.0471975511965976,0.8343401959939567,5315.581388677499
1500000.0,6000.0,1.0821041362364843,0.7812617071043153,4977.418335961593
1500000.0,6000.0,1.117010721276371,0.7272997146296919,4633.626481905767
1500000.0,6000.0,1.1519173063162575,0.6731620435928471,4288.715379730029
1500000.0,6000.0,1.1868238913561442,0.6183035761453751,3939.212083622185
1500000.0,6000.0,1.2217304763960306,0.5633309606115281,3588.9815500560453
1500000.0,6000.0,1.2566370614359172,0.5077722857291138,3235.0172323801844
1500000.0,6000.0,1.2915436464758039,0.4521520311742084,2880.6605906108816
1500000.0,6000.0,1.3264502315156905,0.39606375473928745,2523.3221814440003
1500000.0,6000.0,1.361356816555577,0.3399542657955734,2165.8486273835983
1500000.0,6000.0,1.3962634015954636,0.28348866388386074,1806.1062776040767
1500000.0,6000.0,1.4311699866353502,0.22702643937477301,1446.3854452566788
1500000.0,6000.0,1.4660765716752369,0.17032184712811577,1085.1204880532255
1500000.0,6000.0,1.5009831567151235,0.11362828386219334,723.9257964860338
1500000.0,6000.0,1.53588974175501,0.05681146002905565,361.9458118451135
1500000.0,6500.0,0.3490658503988659,2.1240972419579265,13532.62352851395
1500000.0,6500.0,0.3839724354387525,2.083377689851567,13273.199262044332
1500000.0,6500.0,0.4188790204786391,2.038941968181482,12990.099279284223
1500000.0,6500.0,0.4537856055185257,1.990991479007625,12684.60671275758
1500000.0,6500.0,0.4886921905584123,1.9400296680764568,12359.929015315107
1500000.0,6500.0,0.5235987755982988,1.8875635647573912,12025.66747106934
1500000.0,6500.0,0.5585053606381855,1.83282101034805,11676.902656927427
1500000.0,6500.0,0.5934119456780721,1.7765928484964628,11318.673037770965
1500000.0,6500.0,0.6283185307179586,nan,nan
1500000.0,6500.0,0.6632251157578453,nan,nan
1500000.0,6500.0,0.6981317007977318,nan,nan
1500000.0,6500.0,0.7330382858376184,nan,nan
1500000.0,6500.0,0.767944870877505,nan,nan
1500000.0,6500.0,0.8028514559173916,nan,nan
1500000.0,6500.0,0.8377580409572782,nan,nan
1500000.0,6500.0,0.8726646259971648,nan,nan
1500000.0,6500.0,0.9075712110370514,nan,nan
1500000.0,6500.0,0.9424777960769379,nan,nan
1500000.0,6500.0,0.9773843811168246,nan,nan
1500000.0,6500.0,1.0122909661567112,nan,nan
1500000.0,6500.0,1.0471975511965976,nan,nan
1500000.0,6500.0,1.0821041362364843,nan,nan
1500000.0,6500.0,1.117010721276371,nan,nan
1500000.0,6500.0,1.1519173063162575,nan,nan
1500000.0,6500.0,1.1868238913561442,nan,nan
1500000.0,6500.0,1.2217304763960306,nan,nan
1500000.0,6500.0,1.2566370614359172,nan,nan
1500000.0,6500.0,1.2915436464758039,nan,nan
1500000.0,6500.0,1.3264502315156905,nan,nan
1500000.0,6500.0,1.361356816555577,nan,nan
1500000.0,6500.0,1.3962634015954636,nan,nan
1500000.0,6500.0,1.4311699866353502,nan,nan
1500000.0,6500.0,1.4660765716752369,nan,nan
1500000.0,6500.0,1.5009831567151235,nan,nan
1500000.0,6500.0,1.53588974175501,nan,nan
1500000.0,7000.0,0.3490658503988659,nan,nan
1500000.0,7000.0,0.3839724354387525,nan,nan
1500000.0,7000.0,0.4188790204786391,nan,nan
1500000.0,7000.0,0.4537856055185257,nan,nan
1500000.0,7000.0,0.4886921905584123,nan,nan
1500000.0,7000.0,0.5235987755982988,nan,nan
1500000.0,7000.0,0.5585053606381855,nan,nan
1500000.0,7000.0,0.5934119456780721,nan,nan
1500000.0,7000.0,0.6283185307179586,nan,nan
1500000.0,7000.0,0.6632251157578453,nan,nan
1500000.0,7000.0,0.6981317007977318,nan,nan
1500000.0,7000.0,0.7330382858376184,nan,nan
1500000.0,7000.0,0.767944870877505,nan,nan
1500000.0,7000.0,0.8028514559173916,nan,nan
1500000.0,7000.0,0.8377580409572782,nan,nan
1500000.0,7000.0,0.8726646259971648,nan,nan
1500000.0,7000.0,0.9075712110370514,nan,nan
1500000.0,7000.0,0.9424777960769379,nan,nan
1500000.0,7000.0,0.9773843811168246,nan,nan
1500000.0,7000.0,1.0122909661567112,nan,nan
1500000.0,7000.0,1.0471975511965976,nan,nan
1500000.0,7000.0,1.0821041362364843,nan,nan
1500000.0,7000.0,1.117010721276371,nan,nan
1500000.0,7000.0,1.1519173063162575,nan,nan
1500000.0,7000.0,1.1868238913561442,nan,nan
1500000.0,7000.0,1.2217304763960306,nan,nan
1500000.0,7000.0,1.2566370614359172,nan,nan
1500000.0,7000.0,1.2915436464758039,nan,nan
1500000.0,7000.0,1.3264502315156905,nan,nan
1500000.0,7000.0,1.361356816555577,nan,nan
1500000.0,7000.0,1.3962634015954636,nan,nan
1500000.0,7000.0,1.4311699866353502,nan,nan
1500000.0,7000.0,1.4660765716752369,nan,nan
1500000.0,7000.0,1.5009831567151235,nan,nan
1500000.0,7000.0,1.53588974175501,nan,nan
1500000.0,7500.0,0.3490658503988659,nan,nan
1500000.0,7500.0,0.3839724354387525,nan,nan
1500000.0,7500.0,0.4188790204786391,nan,nan
1500000.0,7500.0,0.4537856055185257,nan,nan
1500000.0,7500.0,0.4886921905584123,nan,nan
1500000.0,7500.0,0.5235987755982988,nan,nan
1500000.0,7500.0,0.5585053606381855,nan,nan
1500000.0,7500.0,0.5934119456780721,nan,nan
1500000.0,7500.0,0.6283185307179586,nan,nan
1500000.0,7500.0,0.6632251157578453,nan,nan
1500000.0,7500.0,0.6981317007977318,nan,nan
1500000.0,7500.0,0.7330382858376184,nan,nan
1500000.0,7500.0,0.767944870877505,nan,nan
1500000.0,7500.0,0.8028514559173916,nan,nan
1500000.0,7500.0,0.8377580409572782,nan,nan
1500000.0,7500.0,0.8726646259971648,nan,nan
1500000.0,7500.0,0.9075712110370514,nan,nan
1500000.0,7500.0,0.9424777960769379,nan,nan
1500000.0,7500.0,0.9773843811168246,nan,nan
1500000.0,7500.0,1.0122909661567112,nan,nan
1500000.0,7500.0,1.0471975511965976,nan,nan
1500000.0,7500.0,1.0821041362364843,nan,nan
1500000.0,7500.0,1.117010721276371,nan,nan
1500000.0,7500.0,1.1519173063162575,nan,nan
1500000.0,7500.0,1.1868238913561442,nan,nan
1500000.0,7500.0,1.2217304763960306,nan,nan
1500000.0,7500.0,1.2566370614359172,nan,nan
1500000.0,7500.0,1.2915436464758039,nan,nan
1500000.0,7500.0,1.3264502315156905,nan,nan
1500000.0,7500.0,1.361356816555577,nan,nan
1500000.0,7500.0,1.3962634015954636,nan,nan
1500000.0,7500.0,1.4311699866353502,nan,nan
1500000.0,7500.0,1.4660765716752369,nan,nan
1500000.0,7500.0,1.5009831567151235,nan,nan
1500000.0,7500.0,1.53588974175501,nan,nan
1500000.0,8000.0,0.3490658503988659,nan,nan
1500000.0,8000.0,0.3839724354387525,nan,nan
1500000.0,8000.0,0.4188790204786391,nan,nan
1500000.0,8000.0,0.4537856055185257,nan,nan
1500000.0,8000.0,0.4886921905584123,nan,nan
1500000.0,8000.0,0.5235987755982988,nan,nan
1500000.0,8000.0,0.5585053606381855,nan,nan
1500000.0,8000.0,0.5934119456780721,nan,nan
1500000.0,8000.0,0.6283185307179586,nan,nan
1500000.0,8000.0,0.6632251157578453,nan,nan
1500000.0,8000.0,0.6981317007977318,nan,nan
1500000.0,8000.0,0.7330382858376184,nan,nan
1500000.0,8000.0,0.767944870877505,nan,nan
1500000.0,8000.0,0.8028514559173916,nan,nan
1500000.0,8000.0,0.8377580409572782,nan,nan
1500000.0,8000.0,0.8726646259971648,nan,nan
1500000.0,8000.0,0.9075712110370514,nan,nan
1500000.0,8000.0,0.9424777960769379,nan,nan
1500000.0,8000.0,0.9773843811168246,nan,nan
1500000.0,8000.0,1.0122909661567112,nan,nan
1500000.0,8000.0,1.0471975511965976,nan,nan
1500000.0,8000.0,1.0821041362364843,nan,nan
1500000.0,8000.0,1.117010721276371,nan,nan
1500000.0,8000.0,1.1519173063162575,nan,nan
1500000.0,8000.0,1.1868238913561442,nan,nan
1500000.0,8000.0,1.2217304763960306,nan,nan
1500000.0,8000.0,1.2566370614359172,nan,nan
1500000.0,8000.0,1.2915436464758039,nan,nan
1500000.0,8000.0,1.3264502315156905,nan,nan
1500000.0,8000.0,1.361356816555577,nan,nan
1500000.0,8000.0,1.3962634015954636,nan,nan
1500000.0,8000.0,1.4311699866353502,nan,nan
1500000.0,8000.0,1.4660765716752369,nan,nan
1500000.0,8000.0,1.5009831567151235,nan,nan
1500000.0,8000.0,1.53588974175501,nan,nan
1500000.0,8500.0,0.3490658503988659,nan,nan
1500000.0,8500.0,0.3839724354387525,nan,nan
1500000.0,8500.0,0.4188790204786391,nan,nan
1500000.0,8500.0,0.4537856055185257,nan,nan
1500000.0,8500.0,0.4886921905584123,nan,nan
1500000.0,8500.0,0.5235987755982988,nan,nan
1500000.0,8500.0,0.5585053606381855,nan,nan
1500000.0,8500.0,0.5934119456780721,nan,nan
1500000.0,8500.0,0.6283185307179586,nan,nan
1500000.0,8500.0,0.6632251157578453,nan,nan
1500000.0,8500.0,0.6981317007977318,nan,nan
1500000.0,8500.0,0.7330382858376184,nan,nan
1500000.0,8500.0,0.767944870877505,nan,nan
1500000.0,8500.0,0.8028514559173916,nan,nan
1500000.0,8500.0,0.8377580409572782,nan,nan
1500000.0,8500.0,0.8726646259971648,nan,nan
1500000.0,8500.0,0.9075712110370514,nan,nan
1500000.0,8500.0,0.9424777960769379,nan,nan
1500000.0,8500.0,0.9773843811168246,nan,nan
1500000.0,8500.0,1.0122909661567112,nan,nan
1500000.0,8500.0,1.0471975511965976,nan,nan
1500000.0,8500.0,1.0821041362364843,nan,nan
1500000.0,8500.0,1.117010721276371,nan,nan
1500000.0,8500.0,1.1519173063162575,nan,nan
1500000.0,8500.0,1.1868238913561442,nan,nan
1500000.0,8500.0,1.2217304763960306,nan,nan
1500000.0,8500.0,1.2566370614359172,nan,nan
1500000.0,8500.0,1.2915436464758039,nan,nan
1500000.0,8500.0,1.3264502315156905,nan,nan
1500000.0,8500.0,1.361356816555577,nan,nan
1500000.0,8500.0,1.3962634015954636,nan,nan
1500000.0,8500.0,1.4311699866353502,nan,nan
1500000.0,8500.0,1.4660765716752369,nan,nan
1500000.0,8500.0,1.5009831567151235,nan,nan
1500000.0,8500.0,1.53588974175501,nan,nan
1500000.0,9000.0,0.3490658503988659,nan,nan
1500000.0,9000.0,0.3839724354387525,nan,nan
1500000.0,9000.0,0.4188790204786391,nan,nan
1500000.0,9000.0,0.4537856055185257,nan,nan
1500000.0,9000.0,0.4886921905584123,nan,nan
1500000.0,9000.0,0.5235987755982988,nan,nan
1500000.0,9000.0,0.5585053606381855,nan,nan
1500000.0,9000.0,0.5934119456780721,nan,nan
1500000.0,9000.0,0.6283185307179586,nan,nan
1500000.0,9000.0,0.6632251157578453,nan,nan
1500000.0,9000.0,0.6981317007977318,nan,nan
1500000.0,9000.0,0.7330382858376184,nan,nan
1500000.0,9000.0,0.767944870877505,nan,nan
1500000.0,9000.0,0.8028514559173916,nan,nan
1500000.0,9000.0,0.8377580409572782,nan,nan
1500000.0,9000.0,0.8726646259971648,nan,nan
1500000.0,9000.0,0.9075712110370514,nan,nan
1500000.0,9000.0,0.9424777960769379,nan,nan
1500000.0,9000.0,0.9773843811168246,nan,nan
1500000.0,9000.0,1.0122909661567112,nan,nan
1500000.0,9000.0,1.0471975511965976,nan,nan
1500000.0,9000.0,1.0821041362364843,nan,nan
1500000.0,9000.0,1.117010721276371,nan,nan
1500000.0,9000.0,1.1519173063162575,nan,nan
1500000.0,9000.0,1.1868238913561442,nan,nan
1500000.0,9000.0,1.2217304763960306,nan,nan
1500000.0,9000.0,1.2566370614359172,nan,nan
1500000.0,9000.0,1.2915436464758039,nan,nan
1500000.0,9000.0,1.3264502315156905,nan,nan
1500000.0,9000.0,1.361356816555577,nan,nan
1500000.0,9000.0,1.3962634015954636,nan,nan
1500000.0,9000.0,1.4311699866353502,nan,nan
1500000.0,9000.0,1.4660765716752369,nan,nan
1500000.0,9000.0,1.5009831567151235,nan,nan
1500000.0,9000.0,1.53588974175501,nan,nan
1500000.0,9500.0,0.3490658503988659,nan,nan
1500000.0,9500.0,0.3839724354387525,nan,nan
1500000.0,9500.0,0.4188790204786391,nan,nan
1500000.0,9500.0,0.4537856055185257,nan,nan
1500000.0,9500.0,0.4886921905584123,nan,nan
1500000.0,9500.0,0.5235987755982988,nan,nan
1500000.0,9500.0,0.5585053606381855,nan,nan
1500000.0,9500.0,0.5934119456780721,nan,nan
1500000.0,9500.0,0.6283185307179586,nan,nan
1500000.0,9500.0,0.6632251157578453,nan,nan
1500000.0,9500.0,0.6981317007977318,nan,nan
1500000.0,9500.0,0.7330382858376184,nan,nan
1500000.0,9500.0,0.767944870877505,nan,nan
1500000.0,9500.0,0.8028514559173916,nan,nan
1500000.0,9500.0,0.8377580409572782,nan,nan
1500000.0,9500.0,0.8726646259971648,nan,nan
1500000.0,9500.0,0.9075712110370514,nan,nan
1500000.0,9500.0,0.9424777960769379,nan,nan
1500000.0,9500.0,0.9773843811168246,nan,nan
1500000.0,9500.0,1.0122909661567112,nan,nan
1500000.0,9500.0,1.0471975511965976,nan,nan
1500000.0,9500.0,1.0821041362364843,nan,nan
1500000.0,9500.0,1.117010721276371,nan,nan
1500000.0,9500.0,1.1519173063162575,nan,nan
1500000.0,9500.0,1.1868238913561442,nan,nan
1500000.0,9500.0,1.2217304763960306,nan,nan
1500000.0,9500.0,1.2566370614359172,nan,nan
1500000.0,9500.0,1.2915436464758039,nan,nan
1500000.0,9500.0,1.3264502315156905,nan,nan
1500000.0,9500.0,1.361356816555577,nan,nan
1500000.0,9500.0,1.3962634015954636,nan,nan
1500000.0,9500.0,1.4311699866353502,nan,nan
1500000.0,9500.0,1.4660765716752369,nan,nan
1500000.0,9500.0,1.5009831567151235,nan,nan
1500000.0,9500.0,1.53588974175501,nan,nan
1500000.0,10000.0,0.3490658503988659,nan,nan
1500000.0,10000.0,0.3839724354387525,nan,nan
1500000.0,10000.0,0.4188790204786391,nan,nan
1500000.0,10000.0,0.4537856055185257,nan,nan
1500000.0,10000.0,0.4886921905584123,nan,nan
1500000.0,10000.0,0.5235987755982988,nan,nan
1500000.0,10000.0,0.5585053606381855,nan,nan
1500000.0,10000.0,0.5934119456780721,nan,nan
1500000.0,10000.0,0.6283185307179586,nan,nan
1500000.0,10000.0,0.6632251157578453,nan,nan
1500000.0,10000.0,0.6981317007977318,nan,nan
1500000.0,10000.0,0.7330382858376184,nan,nan
1500000.0,10000.0,0.767944870877505,nan,nan
1500000.0,10000.0,0.8028514559173916,nan,nan
1500000.0,10000.0,0.8377580409572782,nan,nan
1500000.0,10000.0,0.8726646259971648,nan,nan
1500000.0,10000.0,0.9075712110370514,nan,nan
1500000.0,10000.0,0.9424777960769379,nan,nan
1500000.0,10000.0,0.9773843811168246,nan,nan
1500000.0,10000.0,1.0122909661567112,nan,nan
1500000.0,10000.0,1.0471975511965976,nan,nan
1500000.0,10000.0,1.0821041362364843,nan,nan
1500000.0,10000.0,1.117010721276371,nan,nan
1500000.0,10000.0,1.1519173063162575,nan,nan
1500000.0,10000.0,1.1868238913561442,nan,nan
1500000.0,10000.0,1.2217304763960306,nan,nan
1500000.0,10000.0,1.2566370614359172,nan,nan
1500000.0,10000.0,1.2915436464758039,nan,nan
1500000.0,10000.0,1.3264502315156905,nan,nan
1500000.0,10000.0,1.361356816555577,nan,nan
1500000.0,10000.0,1.3962634015954636,nan,nan
1500000.0,10000.0,1.4311699866353502,nan,nan
1500000.0,10000.0,1.4660765716752369,nan,nan
1500000.0,10000.0,1.5009831567151235,nan,nan
1500000.0,10000.0,1.53588974175501,nan,nan
1500000.0,10500.0,0.3490658503988659,nan,nan
1500000.0,10500.0,0.3839724354387525,nan,nan
1500000.0,10500.0,0.4188790204786391,nan,nan
1500000.0,10500.0,0.4537856055185257,nan,nan
1500000.0,10500.0,0.4886921905584123,nan,nan
1500000.0,10500.0,0.5235987755982988,nan,nan
1500000.0,10500.0,0.5585053606381855,nan,nan
1500000.0,10500.0,0.5934119456780721,nan,nan
1500000.0,10500.0,0.6283185307179586,nan,nan
1500000.0,10500.0,0.6632251157578453,nan,nan
1500000.0,10500.0,0.6981317007977318,nan,nan
1500000.0,10500.0,0.7330382858376184,nan,nan
1500000.0,10500.0,0.767944870877505,nan,nan
1500000.0,10500.0,0.8028514559173916,nan,nan
1500000.0,10500.0,0.8377580409572782,nan,nan
1500000.0,10500.0,0.8726646259971648,nan,nan
1500000.0,10500.0,0.9075712110370514,nan,nan
1500000.0,10500.0,0.9424777960769379,nan,nan
1500000.0,10500.0,0.9773843811168246,nan,nan
1500000.0,10500.0,1.0122909661567112,nan,nan
1500000.0,10500.0,1.0471975511965976,nan,nan
1500000.0,10500.0,1.0821041362364843,nan,nan
1500000.0,10500.0,1.117010721276371,nan,nan
1500000.0,10500.0,1.1519173063162575,nan,nan
1500000.0,10500.0,1.1868238913561442,nan,nan
1500000.0,10500.0,1.2217304763960306,nan,nan
1500000.0,10500.0,1.2566370614359172,nan,nan
1500000.0,10500.0,1.2915436464758039,nan,nan
1500000.0,10500.0,1.3264502315156905,nan,nan
1500000.0,10500.0,1.361356816555577,nan,nan
1500000.0,10500.0,1.3962634015954636,nan,nan
1500000.0,10500.0,1.4311699866353502,nan,nan
1500000.0,10500.0,1.4660765716752369,nan,nan
1500000.0,10500.0,1.5009831567151235,nan,nan
1500000.0,10500.0,1.53588974175501,nan,nan
